risk_month,segment,current_rating,total_loans,total_exposure,total_expected_loss,avg_provision_rate
2026-03-01,CE,B,3,119303.79,69.973,0.00058651112424844179
2026-03-01,CE,D,3,5261.23,0.0,0.0
2026-03-01,CE,F,2,2193.02,0.0,0.0
2026-03-01,CE,C,4,48337.99,0.0,0.0
2026-03-01,CE,A,5,11417.5,0.0,0.0
2026-03-01,CE,E,4,3899.78,0.0,0.0
2026-03-01,PB,E,1,2382.02,0.0,0.0
2026-03-01,PB,A,3,16258.01,0.0,0.0
2026-03-01,PE,D,5,6005.13,0.0,0.0
2026-03-01,PE,C,11,20359.36,28.233,0.0013867331782531475
2026-03-01,PE,E,13,44398.71,142.5,0.0032095527099773847
2026-03-01,PE,A,14,66498.33,0.0,0.0
2026-03-01,PE,F,4,5513.02,0.0,0.0
2026-03-01,PE,B,3,7183.94,0.0,0.0
2026-03-01,SP,D,1,1301.47,0.0,0.0
2026-03-01,SP,E,1,2924.75,0.0,0.0
2026-03-01,SP,F,1,11499.75,0.0,0.0
2026-03-01,SP,C,3,4899.44,0.0,0.0
2026-03-01,SP,A,2,3495,0.0,0.0
2026-02-01,AM,A,1,666.79,0.0,0.0
2026-02-01,AM,D,2,1608.48,0.0,0.0
2026-02-01,AM,E,1,349.01,0.0,0.0
2026-02-01,CE,D,24,69222.35,239.03200000000004,0.0034531043803049163
2026-02-01,CE,C,32,67221.77,369.10900000000004,0.0054909146248306165
2026-02-01,CE,A,62,123474.95,133.4318,0.0010806386234616821
2026-02-01,CE,G,1,629.94,0.0,0.0
2026-02-01,CE,E,23,42219.98,3338.9579999999996,0.079084784028793931
2026-02-01,CE,B,7,20189.97,0.0,0.0
2026-02-01,CE,F,12,54713.71,484.88,0.0088621298025668514
2026-02-01,ES,E,1,9247.02,0.0,0.0
2026-02-01,GO,A,1,280.22,0.0,0.0
2026-02-01,GO,E,1,1225,0.0,0.0
2026-02-01,MG,F,1,598.52,0.0,0.0
2026-02-01,MG,A,7,14786.6,0.0,0.0
2026-02-01,MG,C,2,1982.15,0.0,0.0
2026-02-01,MG,E,3,12265.79,3395.505,0.27682725694798294
2026-02-01,MT,D,1,1585,0.0,0.0
2026-02-01,PA,E,1,652.07,0.0,0.0
2026-02-01,PA,A,1,1148.45,0.0,0.0
2026-02-01,PA,C,1,2924.5,0.0,0.0
2026-02-01,PB,D,3,45630.93,0.0,0.0
2026-02-01,PB,B,1,268.47,0.0,0.0
2026-02-01,PB,C,7,45575.99,208.941,0.0045844533492305928
2026-02-01,PB,F,5,5225.69,222.43600000000004,0.0425658621158163
2026-02-01,PB,E,8,28882.58,0.0,0.0
2026-02-01,PB,A,12,15952.66,0.0,0.0
2026-02-01,PE,G,1,272.34,0.0,0.0
2026-02-01,PE,A,155,595118.35,129.49710000000002,0.00021759890280647541
2026-02-01,PE,B,38,270254.19,0.0,0.0
2026-02-01,PE,C,70,236634.55,3737.674,0.015795132198573709
2026-02-01,PE,D,69,557849.89,8901.2220000000016,0.015956303227020446
2026-02-01,PE,F,37,51602.57,5727.42,0.11099098358860809
2026-02-01,PE,E,75,282532.46,23915.877,0.084648245373292672
2026-02-01,PR,A,1,850,0.0,0.0
2026-02-01,RJ,E,1,285.86,85.758,0.3
2026-02-01,RS,A,1,374.5,0.0,0.0
2026-02-01,SP,B,6,30427.8,0.0,0.0
2026-02-01,SP,C,14,57270.19,292.737,0.0051115074002722888
2026-02-01,SP,F,6,13532,58.379999999999995,0.0043142181495713864
2026-02-01,SP,E,6,8968.36,0.0,0.0
2026-02-01,SP,A,13,29334.08,161.4999,0.0055055382681168108
2026-02-01,SP,D,6,114499.39,0.0,0.0
2026-01-01,AM,G,1,1383.33,0.0,0.0
2026-01-01,AM,C,1,5601.44,560.144,0.1
2026-01-01,CE,D,73,608932.07,2961.75,0.0048638430227529329
2026-01-01,CE,A,149,348958.23,640.3022,0.0018348964000648445
2026-01-01,CE,E,68,207828.38,6634.956,0.03192516825661635
2026-01-01,CE,G,2,2033.88,0.0,0.0
2026-01-01,CE,B,26,64659.25,19.402500000000003,0.00030007307539137873
2026-01-01,CE,C,86,334700.52,2437.484,0.0072825820527556984
2026-01-01,CE,F,36,58018.85,2107.94,0.0363319852082556
2026-01-01,DF,D,1,479.44,0.0,0.0
2026-01-01,DF,E,1,345,0.0,0.0
2026-01-01,DF,A,1,3147.5,0.0,0.0
2026-01-01,ES,A,1,508.05,0.0,0.0
2026-01-01,ES,C,2,5131.04,0.0,0.0
2026-01-01,GO,D,2,182078.66,0.0,0.0
2026-01-01,GO,A,5,13454.54,0.0,0.0
2026-01-01,MG,B,1,11258.7,562.93500000000006,0.05
2026-01-01,MG,E,7,77757.39,93.791999999999987,0.0012062133258330815
2026-01-01,MG,D,9,33461.88,0.0,0.0
2026-01-01,MG,A,21,83446.02,48.0299,0.00057558047705570615
2026-01-01,MG,F,2,1988.09,0.0,0.0
2026-01-01,MG,C,11,28362.46,302.581,0.010668362335284036
2026-01-01,MT,C,1,298.73,0.0,0.0
2026-01-01,PA,G,1,272.34,0.0,0.0
2026-01-01,PA,A,1,2800,0.0,0.0
2026-01-01,PA,E,2,1044.99,0.0,0.0
2026-01-01,PA,D,1,659.5,131.9,0.2
2026-01-01,PB,A,37,96815.25,42.893600000000006,0.00044304590444170733
2026-01-01,PB,C,20,82286.71,0.0,0.0
2026-01-01,PB,B,5,5531.09,0.0,0.0
2026-01-01,PB,G,1,629.94,0.0,0.0
2026-01-01,PB,D,18,79884.1,639.80000000000007,0.0080091031882439691
2026-01-01,PB,E,13,54058.79,5675.0999999999995,0.10498015216396814
2026-01-01,PB,F,3,9111.17,0.0,0.0
2026-01-01,PE,A,455,1348750.31,1153.8057000000001,0.00085546278762301084
2026-01-01,PE,B,102,295607.58,1718.0125,0.0058118012400087977
2026-01-01,PE,E,216,619451.03,8374.6709999999985,0.013519504519994096
2026-01-01,PE,D,252,1042197.91,19398.194000000003,0.01861277384446108
2026-01-01,PE,G,4,4046.27,0.0,0.0
2026-01-01,PE,F,101,217088.02,1450.824,0.0066831140658982482
2026-01-01,PE,C,245,760121.91,4498.781,0.0059184993101961758
2026-01-01,PR,F,1,597.36,0.0,0.0
2026-01-01,PR,B,1,630.45,31.522500000000004,0.05
2026-01-01,RJ,D,1,680.44,0.0,0.0
2026-01-01,RJ,B,2,2162.63,0.0,0.0
2026-01-01,RJ,A,3,2239.55,0.0,0.0
2026-01-01,RJ,C,2,1466.96,0.0,0.0
2026-01-01,RJ,F,1,1910.65,0.0,0.0
2026-01-01,RJ,E,1,1149.5,344.84999999999997,0.3
2026-01-01,RN,D,1,831.36,0.0,0.0
2026-01-01,RR,D,1,1443.19,0.0,0.0
2026-01-01,RS,C,1,1334.93,0.0,0.0
2026-01-01,RS,B,1,1385.5,0.0,0.0
2026-01-01,RS,E,1,9058.42,0.0,0.0
2026-01-01,RS,D,2,2563.47,0.0,0.0
2026-01-01,SC,E,1,652.07,0.0,0.0
2026-01-01,SC,A,1,588.34,0.0,0.0
2026-01-01,SC,D,1,139.63,0.0,0.0
2026-01-01,SC,B,1,2000,0.0,0.0
2026-01-01,SP,B,18,226304.44,50.119,0.00022146715283182249
2026-01-01,SP,G,1,1117.77,0.0,0.0
2026-01-01,SP,D,33,203355.68,371.46,0.0018266517069992832
2026-01-01,SP,C,18,34322.12,0.0,0.0
2026-01-01,SP,A,45,80318.01,64.310600000000008,0.00080069961892731173
2026-01-01,SP,E,31,155790.13,15980.755000000001,0.10257873846051736
2026-01-01,SP,F,10,14897.71,133.24800000000002,0.0089441934364409038
2025-12-01,AC,A,1,306.58,0.0,0.0
2025-12-01,AL,A,1,576.4,0.0,0.0
2025-12-01,AL,D,1,117.11,0.0,0.0
2025-12-01,AM,E,1,152.53,0.0,0.0
2025-12-01,AM,B,1,850.8,0.0,0.0
2025-12-01,AM,C,1,1769.08,0.0,0.0
2025-12-01,AM,A,1,1399.52,0.0,0.0
2025-12-01,AP,C,2,501.35,0.0,0.0
2025-12-01,AP,A,1,539.67,0.0,0.0
2025-12-01,AP,B,1,12339.09,0.0,0.0
2025-12-01,AP,D,3,2334.35,0.0,0.0
2025-12-01,BA,A,1,1000.07,0.0,0.0
2025-12-01,BA,D,1,56.9,0.0,0.0
2025-12-01,BA,E,1,79.01,0.0,0.0
2025-12-01,BA,C,6,4356.99,0.0,0.0
2025-12-01,BA,B,1,25.94,1.2970000000000002,0.05
2025-12-01,CE,A,342,879009.11,426.1351,0.00048479031121759366
2025-12-01,CE,E,216,446482.37,8791.1099999999988,0.019689713616239762
2025-12-01,CE,D,481,1029803.57,10547.46,0.010242205705307469
2025-12-01,CE,G,2,895.75,0.0,0.0
2025-12-01,CE,F,56,553441.13,4070.5680000000007,0.0073550153383070763
2025-12-01,CE,C,569,857079.88,10640.566,0.012414905831181103
2025-12-01,CE,B,145,171857.83,1179.1295,0.0068610752271223256
2025-12-01,DF,B,1,11238.99,0.0,0.0
2025-12-01,DF,A,4,9171.41,0.0,0.0
2025-12-01,DF,E,1,1942.05,0.0,0.0
2025-12-01,DF,C,1,1463.62,0.0,0.0
2025-12-01,DF,F,1,125.34,0.0,0.0
2025-12-01,ES,B,2,12268.54,0.0,0.0
2025-12-01,ES,C,10,4777.36,32.091,0.0067173083041679928
2025-12-01,ES,D,4,2772.55,0.0,0.0
2025-12-01,ES,A,2,2145.4,0.0,0.0
2025-12-01,ES,E,2,1188.28,0.0,0.0
2025-12-01,GO,E,2,22761.01,0.0,0.0
2025-12-01,GO,A,4,4202.63,0.0,0.0
2025-12-01,GO,D,5,31757.56,0.0,0.0
2025-12-01,GO,B,1,182.98,0.0,0.0
2025-12-01,GO,C,5,2418.53,0.0,0.0
2025-12-01,MA,E,1,384.44,0.0,0.0
2025-12-01,MA,D,2,603.73,9.49,0.01571894721150183
2025-12-01,MA,C,1,280.74,0.0,0.0
2025-12-01,MG,F,4,10773.61,823.648,0.076450511945392485
2025-12-01,MG,D,55,137537.53,199.006,0.0014469214330081396
2025-12-01,MG,C,55,46900.8,16.712,0.00035632654453655372
2025-12-01,MG,A,25,50435.46,115.398,0.0022880330624524886
2025-12-01,MG,B,13,11622.1,8.5,0.0007313652438027551
2025-12-01,MG,E,22,33195.14,254.78699999999998,0.0076754308010148469
2025-12-01,MS,D,1,508.49,0.0,0.0
2025-12-01,MT,D,3,818.13,0.0,0.0
2025-12-01,MT,A,2,2972.44,16.2133,0.0054545423961459274
2025-12-01,PA,E,3,1920.32,0.0,0.0
2025-12-01,PA,D,6,7175.83,182.258,0.025398873719137717
2025-12-01,PA,C,2,2876.92,0.0,0.0
2025-12-01,PA,A,3,8009.27,7.6695,0.00095757790660072639
2025-12-01,PB,E,65,251192.45,1063.9959999999999,0.00423578017571786
2025-12-01,PB,D,130,321240.83,1562.0240000000003,0.0048624703154950769
2025-12-01,PB,C,157,177208.41,449.34000000000009,0.0025356584374296911
2025-12-01,PB,A,92,320899.9,503.42229999999995,0.0015687829756257322
2025-12-01,PB,B,32,24815.23,161.3915,0.0065037277510625532
2025-12-01,PB,F,25,37865.93,394.21200000000005,0.010410730701715236
2025-12-01,PE,E,692,1830647.02,26188.727999999996,0.014305722356022515
2025-12-01,PE,F,233,535214.45,16252.912000000004,0.030367102382979395
2025-12-01,PE,A,1079,3113485.9,4109.940700000001,0.0013200447447023933
2025-12-01,PE,G,12,9460.96,0.0,0.0
2025-12-01,PE,D,1581,3416833.04,68470.044000000009,0.020039037084469309
2025-12-01,PE,B,471,940548.13,3523.8530000000005,0.0037465950838688079
2025-12-01,PE,C,1884,3637146.09,18623.984,0.0051204937990269178
2025-12-01,PI,C,2,1664.8,0.0,0.0
2025-12-01,PI,B,1,142.14,0.0,0.0
2025-12-01,PR,B,3,1893.46,22.4875,0.011876406155926188
2025-12-01,PR,A,2,2546.45,0.0,0.0
2025-12-01,PR,D,1,111.4,0.0,0.0
2025-12-01,PR,G,1,263.98,0.0,0.0
2025-12-01,PR,C,5,3394.53,0.0,0.0
2025-12-01,RJ,B,1,309.62,0.0,0.0
2025-12-01,RJ,C,11,7323.4,21.174000000000003,0.0028912800065543334
2025-12-01,RJ,A,2,4116.89,0.0,0.0
2025-12-01,RJ,D,7,18720.65,0.0,0.0
2025-12-01,RJ,E,2,1068.1,0.0,0.0
2025-12-01,RN,C,1,5415.47,0.0,0.0
2025-12-01,RR,C,1,208.93,0.0,0.0
2025-12-01,RS,E,3,5404.6,0.0,0.0
2025-12-01,RS,F,1,1326.66,0.0,0.0
2025-12-01,RS,C,5,1293.83,0.0,0.0
2025-12-01,SC,B,2,2488.49,0.0,0.0
2025-12-01,SC,E,3,3156.3,1926.66,0.61041726071666191
2025-12-01,SC,A,8,16896.68,9.9769,0.00059046510912202877
2025-12-01,SC,C,10,7002.52,0.0,0.0
2025-12-01,SC,D,2,252.98,0.0,0.0
2025-12-01,SC,F,1,392.5,0.0,0.0
2025-12-01,SP,C,209,704409.13,17556.131000000005,0.0249232019465733
2025-12-01,SP,G,2,3095.76,0.0,0.0
2025-12-01,SP,A,135,289626.72,91.4717,0.00031582617791618125
2025-12-01,SP,B,54,225944.51,791.2975,0.0035021762644288192
2025-12-01,SP,E,77,264593.94,1845.2549999999999,0.006973912554459864
2025-12-01,SP,F,18,36685.64,0.0,0.0
2025-12-01,SP,D,194,634672.7,3087.3500000000004,0.0048644758156448208
2025-12-01,TO,D,1,33.69,0.0,0.0
2025-11-01,AC,D,1,657.52,0.0,0.0
2025-11-01,AC,C,2,142.22,0.0,0.0
2025-11-01,AL,C,2,404.54,0.0,0.0
2025-11-01,AL,D,4,5149.01,0.0,0.0
2025-11-01,AL,B,1,451.66,0.0,0.0
2025-11-01,AM,A,3,1491.55,0.0,0.0
2025-11-01,AM,C,11,1286.72,29.967000000000002,0.023289449142004478
2025-11-01,AM,F,1,635.6,0.0,0.0
2025-11-01,AM,D,10,2995.74,20.996000000000002,0.007008618905512496
2025-11-01,AM,B,2,293.45,9.3105000000000011,0.031727721928778332
2025-11-01,AP,A,1,2465.75,0.0,0.0
2025-11-01,AP,C,11,11836.18,19.166,0.0016192724341806224
2025-11-01,AP,D,4,3030.67,428.362,0.14134234344220914
2025-11-01,AP,F,2,1491.36,0.0,0.0
2025-11-01,AP,E,4,933.57,0.0,0.0
2025-11-01,BA,D,5,3212.84,0.0,0.0
2025-11-01,BA,A,2,360.95,0.0,0.0
2025-11-01,BA,B,1,398.2,0.0,0.0
2025-11-01,BA,C,16,6865.14,0.0,0.0
2025-11-01,BA,E,4,848.72,0.0,0.0
2025-11-01,BA,F,2,2145.97,0.0,0.0
2025-11-01,CE,F,150,105005.52,8149.5,0.077610205634903756
2025-11-01,CE,B,517,286545.49,2295.3980000000006,0.00801058847584724
2025-11-01,CE,E,714,894721.54,11127.888,0.012437264000596209
2025-11-01,CE,G,11,5584.88,0.0,0.0
2025-11-01,CE,D,1948,1064027.39,20437.300000000007,0.019207494273244235
2025-11-01,CE,A,795,883590.16,664.86799999999971,0.00075246197852633359
2025-11-01,CE,C,2665,1682170.08,12138.033,0.00721569902134985
2025-11-01,DF,D,6,2610.78,0.0,0.0
2025-11-01,DF,E,6,2997.44,0.0,0.0
2025-11-01,DF,C,11,32732.92,11.619,0.00035496374903308352
2025-11-01,DF,A,4,3134.92,0.0,0.0
2025-11-01,DF,B,2,8615.59,0.0,0.0
2025-11-01,ES,A,5,836.07,0.0,0.0
2025-11-01,ES,C,16,10400.67,722.31200000000013,0.0694486028303946
2025-11-01,ES,G,1,357.81,0.0,0.0
2025-11-01,ES,B,5,777.45,5.3575000000000008,0.0068911183998971006
2025-11-01,ES,D,14,4599.2,64.234000000000009,0.013966341972516961
2025-11-01,ES,E,5,1880.17,0.0,0.0
2025-11-01,ES,F,1,337.8,0.0,0.0
2025-11-01,GO,E,5,1673.92,0.0,0.0
2025-11-01,GO,B,7,1780.25,23.8775,0.013412442072742593
2025-11-01,GO,A,5,5412.32,22.216,0.0041047092559198277
2025-11-01,GO,F,1,549.54,0.0,0.0
2025-11-01,GO,D,14,4877.76,0.0,0.0
2025-11-01,GO,C,20,14881.07,34.226,0.0022999690210448575
2025-11-01,MA,F,1,652.08,0.0,0.0
2025-11-01,MA,A,2,441.68,3.5916,0.0081316790436515123
2025-11-01,MA,D,5,2544.56,0.0,0.0
2025-11-01,MA,B,3,7759.23,0.0,0.0
2025-11-01,MA,C,12,16396.97,775.72,0.047308740578289765
2025-11-01,MG,C,245,101918.27,1090.0569999999998,0.010695403287359566
2025-11-01,MG,E,75,58058.72,1671.0749999999998,0.02878249813292473
2025-11-01,MG,B,46,28824.22,135.3615,0.004696102791333122
2025-11-01,MG,D,186,104259.73,494.716,0.0047450343483529068
2025-11-01,MG,A,52,47868.11,4.0912000000000006,8.5468174949877911e-05
2025-11-01,MG,G,1,494.05,0.0,0.0
2025-11-01,MG,F,15,8474.44,837.31200000000013,0.098804404774828783
2025-11-01,MS,E,1,285,0.0,0.0
2025-11-01,MS,C,2,745.65,0.0,0.0
2025-11-01,MS,D,3,1240.74,126.348,0.10183277721359833
2025-11-01,MS,A,1,1725,0.0,0.0
2025-11-01,MT,A,5,2809.95,0.0,0.0
2025-11-01,MT,C,9,2260.66,27.522000000000006,0.0121743207735794
2025-11-01,MT,E,2,505.38,43.343999999999994,0.085765166805176291
2025-11-01,MT,F,1,94.5,0.0,0.0
2025-11-01,MT,D,9,2408.8,34.338,0.014255230820325473
2025-11-01,PA,A,8,6492.2,0.0,0.0
2025-11-01,PA,B,5,4000.06,0.0,0.0
2025-11-01,PA,D,25,11316.25,0.0,0.0
2025-11-01,PA,C,29,13799.75,43.063,0.0031205637783293179
2025-11-01,PA,F,2,285.85,86.160000000000011,0.30141682700717159
2025-11-01,PA,E,3,5301.5,0.0,0.0
2025-11-01,PB,B,138,54859.67,248.7635,0.0045345424061063438
2025-11-01,PB,E,177,244665.52,861.459,0.0035209660928111159
2025-11-01,PB,F,52,36391.81,276.24,0.0075907189007636613
2025-11-01,PB,D,531,341128.59,5940.178,0.017413310329691217
2025-11-01,PB,C,769,556875.32,3868.0379999999996,0.0069459677257738767
2025-11-01,PB,A,212,217052.25,216.5714,0.00099778463480567465
2025-11-01,PE,B,1771,1322349.55,4970.6780000000026,0.0037589743196116353
2025-11-01,PE,A,2479,3353129,4158.6627999999964,0.0012402334655183252
2025-11-01,PE,F,492,522932.54,15003.047999999997,0.028690216906371895
2025-11-01,PE,C,8595,5058012.32,37921.346000000012,0.0074972822525667575
2025-11-01,PE,D,6588,4731145.7,112038.20000000007,0.023680987038720888
2025-11-01,PE,E,2297,2279113.74,38563.679000000004,0.016920471463613748
2025-11-01,PE,G,19,15547.9,0.0,0.0
2025-11-01,PI,C,2,694,28.024,0.040380403458213261
2025-11-01,PI,D,3,736.01,0.0,0.0
2025-11-01,PR,D,18,6629.08,75.57,0.011399771914051421
2025-11-01,PR,A,6,1702.19,2.7889,0.0016384187429135408
2025-11-01,PR,C,26,9053.92,51.977000000000004,0.0057408282821142667
2025-11-01,PR,E,5,3473.31,0.0,0.0
2025-11-01,PR,F,1,2507.2,0.0,0.0
2025-11-01,PR,B,3,8418.65,0.0,0.0
2025-11-01,RJ,C,40,54211.1,67.286,0.0012411849233828498
2025-11-01,RJ,B,10,6923.32,0.0,0.0
2025-11-01,RJ,E,13,4891.59,56.625,0.011575990628813943
2025-11-01,RJ,F,1,326.7,0.0,0.0
2025-11-01,RJ,A,9,8718.06,6.3580000000000005,0.00072929069081882907
2025-11-01,RJ,D,29,17110.72,193.44600000000003,0.011305544126722897
2025-11-01,RN,D,2,667.64,0.0,0.0
2025-11-01,RN,B,1,1417.5,0.0,0.0
2025-11-01,RN,E,1,578.1,0.0,0.0
2025-11-01,RN,C,1,137.64,0.0,0.0
2025-11-01,RN,A,1,645.98,0.0,0.0
2025-11-01,RR,A,1,173.7,0.0,0.0
2025-11-01,RR,B,1,313.38,0.0,0.0
2025-11-01,RR,D,4,999.53,0.0,0.0
2025-11-01,RS,D,17,8338.96,507.18000000000006,0.060820533975459785
2025-11-01,RS,E,4,789.97,68.28,0.0864336620377989
2025-11-01,RS,C,15,4038.29,0.0,0.0
2025-11-01,RS,F,4,1868.85,0.0,0.0
2025-11-01,RS,A,4,2771.68,1.6833000000000002,0.000607321191479536
2025-11-01,RS,B,5,3166.8,25.4675,0.00804202980927119
2025-11-01,SC,B,12,5505.76,0.0,0.0
2025-11-01,SC,E,14,14453.19,438.32,0.03032686901645934
2025-11-01,SC,C,49,36889.52,443.25300000000004,0.012015689008694071
2025-11-01,SC,F,1,869.7,347.88000000000005,0.4
2025-11-01,SC,A,13,100824.78,0.0,0.0
2025-11-01,SC,D,32,16721.77,469.78000000000003,0.028093915895267069
2025-11-01,SE,D,1,43.48,0.0,0.0
2025-11-01,SE,C,2,551.76,0.0,0.0
2025-11-01,SE,B,3,2163.48,0.0,0.0
2025-11-01,SP,D,722,452160.63,11093.89,0.02453528517067043
2025-11-01,SP,C,1064,687763.53,10618.811000000003,0.01543962501181184
2025-11-01,SP,F,63,52191.85,2897.024,0.055507210416952071
2025-11-01,SP,E,236,185824.83,14827.17,0.079791112952989116
2025-11-01,SP,B,210,108700.13,248.34349999999998,0.0022846660808961312
2025-11-01,SP,G,2,591.44,0.0,0.0
2025-11-01,SP,A,302,416371.2,164.2572,0.00039449702573088628
2025-11-01,TO,C,3,525.07,18.969,0.036126611689869921
2025-10-01,AC,E,1,1003.2,0.0,0.0
2025-10-01,AC,C,1,414.93,0.0,0.0
2025-10-01,AC,A,1,197.19,0.0,0.0
2025-10-01,AC,D,4,547.62,103.4,0.18881706292684708
2025-10-01,AC,B,1,278.18,0.0,0.0
2025-10-01,AL,D,2,1555.6,759.76,0.48840318848032915
2025-10-01,AL,B,1,215.53,0.0,0.0
2025-10-01,AL,C,1,2909.31,0.0,0.0
2025-10-01,AM,D,11,2270.43,0.0,0.0
2025-10-01,AM,B,5,1121.31,0.0,0.0
2025-10-01,AM,A,4,1849.33,1467.53,0.7935468521031942
2025-10-01,AM,C,10,7906.19,0.0,0.0
2025-10-01,AP,D,8,3440.69,0.0,0.0
2025-10-01,AP,E,2,2235,0.0,0.0
2025-10-01,AP,C,10,3852.85,212.04,0.05503458478788429
2025-10-01,AP,B,1,107.44,0.0,0.0
2025-10-01,AP,A,3,4578.53,0.0,0.0
2025-10-01,BA,E,5,3255.4,83.13,0.025536032438410024
2025-10-01,BA,C,15,9706.67,359.84,0.037071415840859941
2025-10-01,BA,D,10,9655.98,183.93,0.019048299602940355
2025-10-01,BA,A,3,253.01,0.0,0.0
2025-10-01,BA,B,5,597.71,0.0,0.0
2025-10-01,CE,E,754,640991.71,48590.15400000001,0.075804652762201885
2025-10-01,CE,C,3057,1777805.95,100076.91799999999,0.056292374316780747
2025-10-01,CE,A,777,786934.94,63914.514600000017,0.0812195663849924
2025-10-01,CE,B,621,633809.87,26387.235,0.041632729701732166
2025-10-01,CE,F,138,201069.15,33806.85,0.16813543997177091
2025-10-01,CE,G,13,4336.7,345.16,0.079590472017893793
2025-10-01,CE,D,2269,1203751.4,82362.731999999989,0.068421712323657527
2025-10-01,DF,B,6,2484.91,1059.11,0.42621664366113859
2025-10-01,DF,D,12,4593.94,0.0,0.0
2025-10-01,DF,E,2,347.35,0.0,0.0
2025-10-01,DF,C,10,10847.7,417.15,0.038455156392599346
2025-10-01,DF,F,1,32,0.0,0.0
2025-10-01,DF,A,1,57.04,0.0,0.0
2025-10-01,ES,B,3,334.15,143.8,0.43034565314978307
2025-10-01,ES,D,16,8910.5,509.79,0.057212277649963526
2025-10-01,ES,E,5,1857.57,0.0,0.0
2025-10-01,ES,C,23,13033.57,863.38999999999987,0.066243554145180475
2025-10-01,ES,A,5,1088.1,0.0,0.0
2025-10-01,GO,F,1,2459.04,0.0,0.0
2025-10-01,GO,B,3,821.82,0.0,0.0
2025-10-01,GO,D,16,5161.15,0.0,0.0
2025-10-01,GO,A,9,6231.58,0.0,0.0
2025-10-01,GO,C,32,21437.8,275.37,0.012845068057356633
2025-10-01,GO,E,8,3642.63,0.0,0.0
2025-10-01,MA,D,6,5667.03,0.0,0.0
2025-10-01,MA,A,4,2391.05,0.0,0.0
2025-10-01,MA,F,1,124.68,0.0,0.0
2025-10-01,MA,B,2,697.03,0.0,0.0
2025-10-01,MA,C,8,2989.02,1326.002,0.44362433172076465
2025-10-01,MG,A,58,60696.04,5970.9064,0.098373903799984314
2025-10-01,MG,B,68,67474.99,1302.5875,0.019304745358243107
2025-10-01,MG,D,221,202642.63,7509.3099999999995,0.037056911470207426
2025-10-01,MG,E,80,46311.85,3382.0299999999997,0.073027313743674674
2025-10-01,MG,F,16,10025.92,0.0,0.0
2025-10-01,MG,C,262,189588.79,14337.429,0.075623822484441189
2025-10-01,MS,B,1,127.66,127.66,1.0
2025-10-01,MS,C,3,274.35,0.0,0.0
2025-10-01,MS,D,2,414.82,0.0,0.0
2025-10-01,MT,B,1,374.5,0.0,0.0
2025-10-01,MT,D,9,7373.97,2364.31,0.32062918617786618
2025-10-01,MT,C,10,5778.82,0.0,0.0
2025-10-01,MT,E,2,20340.93,0.0,0.0
2025-10-01,MT,A,6,1221.82,0.0,0.0
2025-10-01,PA,D,23,6143.74,255.66,0.0416130890955672
2025-10-01,PA,C,26,9970.42,1094.77,0.10980179370578171
2025-10-01,PA,A,6,4476.66,0.0,0.0
2025-10-01,PA,B,5,1843.81,0.0,0.0
2025-10-01,PA,E,8,3116.72,1179.82,0.37854539387561281
2025-10-01,PB,G,1,350,0.0,0.0
2025-10-01,PB,B,161,85818.03,7938.135,0.0924996180872481
2025-10-01,PB,F,50,64192.16,434.0,0.0067609502468837313
2025-10-01,PB,C,927,456612.71,43090.356,0.094369593873109656
2025-10-01,PB,E,235,418736.67,6388.8229999999994,0.015257376431827669
2025-10-01,PB,A,193,271869.32,6483.0067999999992,0.02384604044325413
2025-10-01,PB,D,656,413183.82,15380.389999999998,0.037224085880226375
2025-10-01,PE,D,7408,5103275.51,343396.7680000001,0.06728948247593243
2025-10-01,PE,E,2379,3085455.37,370374.52699999983,0.12003885410275755
2025-10-01,PE,F,499,589495.72,11838.974000000004,0.020083222996088935
2025-10-01,PE,C,9832,6276549.14,319982.591,0.050980655749315144
2025-10-01,PE,G,30,28075.32,648.31,0.023091811598229334
2025-10-01,PE,B,1911,1055736.39,91779.467499999941,0.086934075939165037
2025-10-01,PE,A,2408,3231341.94,223728.37190000003,0.069236984526620554
2025-10-01,PI,B,1,296.99,0.0,0.0
2025-10-01,PI,A,1,156.33,0.0,0.0
2025-10-01,PI,D,1,1543.33,0.0,0.0
2025-10-01,PI,C,2,2423.03,0.0,0.0
2025-10-01,PR,D,23,5339.61,733.23,0.13731901768106661
2025-10-01,PR,B,2,1351.96,351.98,0.26034793928814465
2025-10-01,PR,A,6,4388.1,835.31,0.19035801371892161
2025-10-01,PR,E,9,3227.18,0.0,0.0
2025-10-01,PR,C,28,14844.52,3231.5,0.21768976026169926
2025-10-01,RJ,F,2,594.15,500.79,0.84286796263569808
2025-10-01,RJ,A,12,12327.11,0.0,0.0
2025-10-01,RJ,E,14,11866.5,0.0,0.0
2025-10-01,RJ,B,9,9206.96,0.0,0.0
2025-10-01,RJ,D,41,18318.78,2435.9280000000003,0.13297435746266947
2025-10-01,RJ,C,42,13256.15,1198.92,0.090442549307302653
2025-10-01,RN,F,1,551.7,0.0,0.0
2025-10-01,RN,B,1,50.52,0.0,0.0
2025-10-01,RN,D,2,370.44,0.0,0.0
2025-10-01,RN,C,3,694.94,0.0,0.0
2025-10-01,RN,A,3,908.79,0.0,0.0
2025-10-01,RO,D,1,348.05,69.61,0.19999999999999998
2025-10-01,RO,C,1,296.75,0.0,0.0
2025-10-01,RR,D,3,311.25,0.0,0.0
2025-10-01,RR,F,1,564.3,0.0,0.0
2025-10-01,RR,C,1,1249.91,0.0,0.0
2025-10-01,RS,C,20,9145.91,348.55,0.0381099311058167
2025-10-01,RS,E,2,780.5,174.62,0.22372837924407432
2025-10-01,RS,B,2,1197.45,0.0,0.0
2025-10-01,RS,D,15,5620,0.0,0.0
2025-10-01,RS,A,9,19895.48,0.0,0.0
2025-10-01,SC,C,52,26472.67,4648.916,0.17561190465487617
2025-10-01,SC,D,34,14949.82,48.9,0.0032709423926174362
2025-10-01,SC,B,9,4517.54,21.1,0.0046706836021374468
2025-10-01,SC,F,1,60.83,0.0,0.0
2025-10-01,SC,A,13,12020.2,299.24,0.024894760486514365
2025-10-01,SC,E,14,27990.54,328.275,0.0117280695549282
2025-10-01,SE,D,1,355.58,0.0,0.0
2025-10-01,SE,A,1,1132.57,0.0,0.0
2025-10-01,SE,C,4,1270.61,0.0,0.0
2025-10-01,SP,B,222,154744.56,5045.4345,0.032604923236073696
2025-10-01,SP,E,281,526988.27,9742.2619999999988,0.018486677132301253
2025-10-01,SP,D,861,388220.28,22608.818000000003,0.058237086429384889
2025-10-01,SP,C,1114,629846.99,29766.004,0.047259103357785361
2025-10-01,SP,F,62,111528.91,13931.640000000001,0.1249150556568696
2025-10-01,SP,G,3,754.24,0.0,0.0
2025-10-01,SP,A,307,406792.45,20687.9493,0.050856276462358137
2025-10-01,TO,A,1,1177.03,1177.03,1.0
2025-10-01,TO,B,1,164.59,0.0,0.0
2025-10-01,TO,C,4,528.03,0.0,0.0
2025-10-01,TO,F,2,111.72,0.0,0.0
2025-10-01,TO,D,2,187.33,0.0,0.0
2025-10-01,TO,E,2,663.26,0.0,0.0
2025-09-01,AC,C,2,411.83,0.0,0.0
2025-09-01,AC,D,2,1464.39,0.0,0.0
2025-09-01,AC,A,1,83.64,0.0,0.0
2025-09-01,AL,A,1,537.9,537.9,1.0
2025-09-01,AL,B,1,75.34,0.0,0.0
2025-09-01,AM,E,3,437.47,0.0,0.0
2025-09-01,AM,D,7,2362.33,923.89,0.3910926923842139
2025-09-01,AM,C,6,1280.33,78.03,0.060945225059164436
2025-09-01,AM,B,1,355.7,0.0,0.0
2025-09-01,AP,C,7,2116.78,1117.87,0.52809928287304286
2025-09-01,AP,E,2,751.82,0.0,0.0
2025-09-01,AP,A,2,833.4,0.0,0.0
2025-09-01,AP,B,1,780.77,0.0,0.0
2025-09-01,AP,D,2,583.54,0.0,0.0
2025-09-01,BA,D,10,67057.45,62756.06,0.93585515106822581
2025-09-01,BA,B,2,399.57,135.45,0.33898941361964108
2025-09-01,BA,E,4,982.65,0.0,0.0
2025-09-01,BA,C,10,8482.83,0.0,0.0
2025-09-01,CE,A,475,844149.96,67118.13,0.079509723604085716
2025-09-01,CE,C,2536,1985687.63,105515.09000000001,0.053137808991638842
2025-09-01,CE,E,504,510836.96,25640.020000000004,0.050192178733504331
2025-09-01,CE,G,1,530,0.0,0.0
2025-09-01,CE,F,108,189565.02,18413.79,0.0971370667436429
2025-09-01,CE,D,1872,1134807.4,142863.93999999994,0.12589267570867088
2025-09-01,CE,B,489,403755.11,21029.97,0.052085953785204107
2025-09-01,DF,A,1,85.9,0.0,0.0
2025-09-01,DF,C,8,1789.27,146.18,0.081698122698083575
2025-09-01,DF,D,8,1457.77,75.0,0.051448445227985209
2025-09-01,DF,E,2,184.24,0.0,0.0
2025-09-01,DF,B,1,567.7,0.0,0.0
2025-09-01,ES,B,9,3619.89,488.69,0.13500133981971829
2025-09-01,ES,A,7,7286.22,349.7,0.047994707818320055
2025-09-01,ES,E,1,150.9,150.9,1.0
2025-09-01,ES,C,15,13820.3,258.7,0.018718841125011758
2025-09-01,ES,D,15,4430.61,0.0,0.0
2025-09-01,ES,F,3,3729.68,0.0,0.0
2025-09-01,GO,B,2,276.16,0.0,0.0
2025-09-01,GO,F,1,1124.4,0.0,0.0
2025-09-01,GO,E,6,3171.82,0.0,0.0
2025-09-01,GO,D,13,5336.95,347.26,0.065067126354940552
2025-09-01,GO,A,2,708.74,0.0,0.0
2025-09-01,GO,C,21,24103.38,185.29,0.0076873036063821749
2025-09-01,MA,C,3,530.41,0.0,0.0
2025-09-01,MA,E,2,661.3,82.25,0.12437622864055649
2025-09-01,MA,A,2,1491.15,1293.64,0.86754518324782892
2025-09-01,MA,D,3,1511.52,0.0,0.0
2025-09-01,MG,A,51,49995.47,723.89,0.014479111807529761
2025-09-01,MG,B,49,21872.48,864.43,0.039521352859849451
2025-09-01,MG,E,48,52815.38,13602.57,0.2575494107966278
2025-09-01,MG,C,269,109783.19,13560.439999999997,0.12352018555846297
2025-09-01,MG,G,1,423.33,0.0,0.0
2025-09-01,MG,D,183,83395.73,3461.0699999999997,0.04150176513833502
2025-09-01,MG,F,8,8400.28,0.0,0.0
2025-09-01,MS,A,2,189.38,0.0,0.0
2025-09-01,MS,B,1,163.03,0.0,0.0
2025-09-01,MS,D,1,384.49,0.0,0.0
2025-09-01,MS,C,2,1242.53,0.0,0.0
2025-09-01,MS,E,1,274.38,0.0,0.0
2025-09-01,MT,A,3,77586.55,0.0,0.0
2025-09-01,MT,C,7,1347.61,0.0,0.0
2025-09-01,MT,F,1,148.5,0.0,0.0
2025-09-01,MT,D,5,1125.2,628.72,0.55876288659793816
2025-09-01,MT,E,4,3838.08,1659.17,0.43229166666666669
2025-09-01,PA,F,1,1177.2,0.0,0.0
2025-09-01,PA,C,12,3211.92,889.3,0.27687489103090984
2025-09-01,PA,B,4,262.64,0.0,0.0
2025-09-01,PA,E,7,3321.49,551.23,0.16595865108731325
2025-09-01,PA,D,21,47608.03,0.0,0.0
2025-09-01,PA,A,6,4393.61,0.0,0.0
2025-09-01,PB,B,111,58230.65,8471.3,0.14547836920934248
2025-09-01,PB,G,2,950.08,0.0,0.0
2025-09-01,PB,F,36,56232.92,659.18999999999994,0.011722492803148049
2025-09-01,PB,C,713,575030.01,28699.280000000006,0.049909186478806565
2025-09-01,PB,E,142,307492.6,50244.18,0.16339963953604089
2025-09-01,PB,A,114,205612.34,7614.1000000000013,0.03703133771056738
2025-09-01,PB,D,539,329150,42578.220000000008,0.12935810420780802
2025-09-01,PE,G,12,9672.7,1588.26,0.16420027500077536
2025-09-01,PE,D,6194,3619091.93,362921.37999999995,0.10027967982565171
2025-09-01,PE,F,320,469459.03,19201.1,0.04090048070861476
2025-09-01,PE,A,1396,2424219.61,173310.45000000007,0.071491233420061348
2025-09-01,PE,C,8298,4721588.28,377714.91999999981,0.079997428322996389
2025-09-01,PE,E,1808,1611347.46,96496.220000000088,0.059885420367373834
2025-09-01,PE,B,1521,1090535.03,63581.410000000011,0.058302950616817881
2025-09-01,PI,A,3,1552.14,0.0,0.0
2025-09-01,PI,C,2,281.97,0.0,0.0
2025-09-01,PI,D,2,688.58,0.0,0.0
2025-09-01,PR,B,5,1134.01,0.0,0.0
2025-09-01,PR,E,2,242.86,0.0,0.0
2025-09-01,PR,D,23,7111.42,42.91,0.0060339566500080145
2025-09-01,PR,C,16,10932.26,1099.6799999999998,0.10059036283440019
2025-09-01,PR,A,5,1630.5,0.0,0.0
2025-09-01,RJ,D,26,8294.27,169.73,0.020463524818941266
2025-09-01,RJ,A,8,4800.78,0.0,0.0
2025-09-01,RJ,C,33,14317.31,922.56,0.064436685382938549
2025-09-01,RJ,F,2,1444.8,0.0,0.0
2025-09-01,RJ,E,4,34536.45,0.0,0.0
2025-09-01,RN,D,2,178.27,0.0,0.0
2025-09-01,RN,A,1,456,0.0,0.0
2025-09-01,RN,B,1,769.98,769.98,1.0
2025-09-01,RO,D,1,204.65,0.0,0.0
2025-09-01,RO,E,1,671,0.0,0.0
2025-09-01,RO,B,1,206.69,0.0,0.0
2025-09-01,RO,C,1,76.29,0.0,0.0
2025-09-01,RR,C,3,1325.22,0.0,0.0
2025-09-01,RR,B,1,365.53,0.0,0.0
2025-09-01,RS,E,3,867.4,0.0,0.0
2025-09-01,RS,D,10,3953.24,92.14,0.023307464257166274
2025-09-01,RS,B,5,1813.29,717.81,0.39586056284433263
2025-09-01,RS,A,1,279.8,0.0,0.0
2025-09-01,RS,C,15,44522.81,0.0,0.0
2025-09-01,SC,D,37,11871.03,1310.92,0.11043018171127526
2025-09-01,SC,E,11,5900.45,363.7,0.0616393664889966
2025-09-01,SC,B,12,3811.8,0.0,0.0
2025-09-01,SC,A,6,4269.74,215.0,0.050354354129291248
2025-09-01,SC,F,1,2935.05,0.0,0.0
2025-09-01,SC,C,34,16215.54,25.19,0.0015534481121196088
2025-09-01,SE,C,2,1550.29,0.0,0.0
2025-09-01,SE,D,2,966.98,449.66,0.4650147883099961
2025-09-01,SP,E,194,152600.56,9765.9199999999983,0.0639966196716447
2025-09-01,SP,G,1,1300.95,0.0,0.0
2025-09-01,SP,D,722,551095.61,95266.15999999996,0.17286684609953609
2025-09-01,SP,A,165,285783.97,7263.93,0.025417555785231763
2025-09-01,SP,F,33,48794.46,101.6,0.0020822035944244488
2025-09-01,SP,C,939,675871.62,45505.960000000006,0.0673292954659052
2025-09-01,SP,B,171,85494.13,3199.78,0.037426897027901217
2025-09-01,TO,C,1,1182.36,0.0,0.0
2025-09-01,TO,B,1,50.5,0.0,0.0
2025-08-01,AC,D,1,674.86,0.0,0.0
2025-08-01,AC,C,1,149.93,0.0,0.0
2025-08-01,AL,B,1,51.73,0.0,0.0
2025-08-01,AL,C,1,324.38,0.0,0.0
2025-08-01,AL,A,1,36011.76,0.0,0.0
2025-08-01,AM,E,2,2492.33,0.0,0.0
2025-08-01,AM,D,4,482.65,0.0,0.0
2025-08-01,AM,C,7,1112.9,0.0,0.0
2025-08-01,AM,B,2,1179.63,0.0,0.0
2025-08-01,AP,B,2,209.94,0.0,0.0
2025-08-01,AP,D,2,228.04,0.0,0.0
2025-08-01,AP,C,3,798.09,0.0,0.0
2025-08-01,AP,E,1,78.16,0.0,0.0
2025-08-01,AP,A,2,711.3,0.0,0.0
2025-08-01,BA,D,9,3774.73,369.11,0.0977844773003632
2025-08-01,BA,E,1,30.28,0.0,0.0
2025-08-01,BA,B,3,958.62,0.0,0.0
2025-08-01,BA,A,3,2230.07,0.0,0.0
2025-08-01,BA,F,2,258.52,0.0,0.0
2025-08-01,BA,C,13,4228.41,521.46,0.12332295118023089
2025-08-01,CE,F,71,77188.47,1099.5900000000001,0.0142455213842171
2025-08-01,CE,A,325,469810.35,38365.03,0.081660674355088184
2025-08-01,CE,B,411,275721.79,21776.59,0.078980301121648749
2025-08-01,CE,D,1810,1079796.58,76881.650000000009,0.071200123638102283
2025-08-01,CE,E,465,421564.4,19702.999999999993,0.046737817519695669
2025-08-01,CE,C,2437,1370144.29,122741.67999999993,0.089583032163714618
2025-08-01,DF,B,2,941.71,0.0,0.0
2025-08-01,DF,D,7,2819.02,0.0,0.0
2025-08-01,DF,C,10,2065.26,0.0,0.0
2025-08-01,DF,E,1,273.99,0.0,0.0
2025-08-01,DF,A,1,107.8,0.0,0.0
2025-08-01,ES,C,18,5771.46,351.49,0.060901401031974577
2025-08-01,ES,E,5,3411.91,0.0,0.0
2025-08-01,ES,D,18,5758.81,1252.92,0.21756578181950784
2025-08-01,ES,B,4,764.55,0.0,0.0
2025-08-01,GO,B,5,1134.93,0.0,0.0
2025-08-01,GO,E,2,615.36,75.39,0.12251365054602184
2025-08-01,GO,D,10,1950.02,246.43,0.12637306284038113
2025-08-01,GO,A,5,2209.17,0.0,0.0
2025-08-01,GO,C,15,2629.14,829.4,0.3154643723803221
2025-08-01,MA,C,4,807.56,0.0,0.0
2025-08-01,MA,F,1,205.8,0.0,0.0
2025-08-01,MA,A,1,633.65,0.0,0.0
2025-08-01,MA,D,2,1705.26,0.0,0.0
2025-08-01,MA,B,1,305.11,0.0,0.0
2025-08-01,MG,E,45,22046.25,4839.41,0.21951170834042069
2025-08-01,MG,A,34,36469.61,0.0,0.0
2025-08-01,MG,D,150,59162.72,2759.9399999999996,0.046649984990548093
2025-08-01,MG,F,6,1904.5,0.0,0.0
2025-08-01,MG,G,1,1116.68,0.0,0.0
2025-08-01,MG,B,36,12477.12,243.99,0.019554993460029237
2025-08-01,MG,C,228,135837.47,11219.099999999997,0.082592085968621151
2025-08-01,MS,D,2,1577.77,0.0,0.0
2025-08-01,MS,C,3,611.3,0.0,0.0
2025-08-01,MT,D,4,397.77,0.0,0.0
2025-08-01,MT,C,5,3382.39,0.0,0.0
2025-08-01,MT,A,2,432.23,0.0,0.0
2025-08-01,MT,E,1,107.96,0.0,0.0
2025-08-01,PA,C,19,7766.17,68.03,0.0087597876430724544
2025-08-01,PA,B,1,8762.1,0.0,0.0
2025-08-01,PA,D,16,6807,0.0,0.0
2025-08-01,PA,A,6,9810.08,0.0,0.0
2025-08-01,PA,F,1,498.68,0.0,0.0
2025-08-01,PA,E,4,3824.29,0.0,0.0
2025-08-01,PB,B,107,57119.11,2245.92,0.039319940384225177
2025-08-01,PB,C,679,655079.91,17238.71,0.026315430738823906
2025-08-01,PB,D,549,247696.05,10890.440000000004,0.043966950623556593
2025-08-01,PB,A,75,95745.95,15638.670000000002,0.1633350549031056
2025-08-01,PB,E,132,104216.09,11497.11,0.11031991317271643
2025-08-01,PB,F,20,33567.15,5436.0,0.1619440435068214
2025-08-01,PB,G,1,224.16,0.0,0.0
2025-08-01,PE,D,5896,3546445.61,237904.76000000007,0.067082590898666028
2025-08-01,PE,E,1489,1574733.93,98818.080000000016,0.062752239040153285
2025-08-01,PE,C,7950,4774193.79,454566.01000000007,0.095213145924686077
2025-08-01,PE,A,1054,2067976.14,137982.58000000007,0.066723487438302878
2025-08-01,PE,F,213,414811.12,17337.870000000003,0.041797023184913663
2025-08-01,PE,B,1335,1334648.19,48465.51,0.036313322389475537
2025-08-01,PE,G,8,5175.97,0.0,0.0
2025-08-01,PI,D,2,460.73,0.0,0.0
2025-08-01,PI,C,3,637.2,0.0,0.0
2025-08-01,PR,A,1,422.8,0.0,0.0
2025-08-01,PR,C,21,11556.44,170.72,0.01477271547293111
2025-08-01,PR,D,15,4824.34,404.97,0.083943088588283588
2025-08-01,PR,B,7,1721.78,215.28,0.12503339567192093
2025-08-01,PR,E,5,4685.41,0.0,0.0
2025-08-01,RJ,A,4,4017.74,679.32,0.16908012962511265
2025-08-01,RJ,B,9,1705.31,0.0,0.0
2025-08-01,RJ,E,9,4365.15,20.21,0.0046298523532982833
2025-08-01,RJ,D,22,7853.57,0.0,0.0
2025-08-01,RJ,C,32,12169.07,827.7,0.068016701358444
2025-08-01,RN,C,2,798.26,0.0,0.0
2025-08-01,RN,E,1,458.7,0.0,0.0
2025-08-01,RN,B,1,413.34,0.0,0.0
2025-08-01,RN,D,3,1767.81,0.0,0.0
2025-08-01,RR,D,3,870.95,0.0,0.0
2025-08-01,RR,B,1,273.18,0.0,0.0
2025-08-01,RR,C,1,3260.4,3260.4,1.0
2025-08-01,RS,D,9,4824.95,127.55,0.026435507103700556
2025-08-01,RS,C,9,2923.33,1550.9499999999998,0.53054222410743912
2025-08-01,RS,F,1,234.5,0.0,0.0
2025-08-01,RS,A,1,539.19,0.0,0.0
2025-08-01,RS,B,2,426,0.0,0.0
2025-08-01,RS,E,1,107.4,0.0,0.0
2025-08-01,SC,A,3,969.95,0.0,0.0
2025-08-01,SC,B,5,798.42,140.9,0.17647353523208337
2025-08-01,SC,D,35,24266.74,1370.95,0.056495021580978737
2025-08-01,SC,E,6,9162.7,700.89,0.07649382823840134
2025-08-01,SC,C,40,22543.67,554.12,0.024579848800128819
2025-08-01,SE,D,1,132.88,0.0,0.0
2025-08-01,SP,E,160,119977.34,6851.7400000000016,0.057108617343908458
2025-08-01,SP,G,2,461.23,0.0,0.0
2025-08-01,SP,A,114,223014.49,12818.999999999998,0.057480569984488444
2025-08-01,SP,C,896,519660.61,28990.720000000012,0.055787795807729225
2025-08-01,SP,D,630,418376.62,103962.25000000001,0.24848962640407588
2025-08-01,SP,B,131,110605.5,632.05,0.0057144536212032854
2025-08-01,SP,F,34,128393.87,6008.32,0.046796003578675527
2025-08-01,TO,C,2,677.18,0.0,0.0
2025-08-01,TO,A,1,479.14,0.0,0.0
2025-08-01,TO,D,3,1382.21,559.67,0.40490952894278
2025-07-01,AC,C,2,575.88,0.0,0.0
2025-07-01,AC,A,1,54.54,0.0,0.0
2025-07-01,AC,D,1,156.34,0.0,0.0
2025-07-01,AC,E,1,434.76,0.0,0.0
2025-07-01,AL,D,1,139.83,0.0,0.0
2025-07-01,AL,C,2,593.96,0.0,0.0
2025-07-01,AL,E,1,355.99,0.0,0.0
2025-07-01,AM,D,5,693.68,0.0,0.0
2025-07-01,AM,E,2,602.2,0.0,0.0
2025-07-01,AM,B,1,438.93,0.0,0.0
2025-07-01,AM,A,1,877.05,0.0,0.0
2025-07-01,AM,C,8,3216.85,2344.73,0.72889006326064321
2025-07-01,AP,A,2,720.32,0.0,0.0
2025-07-01,AP,E,3,1363,0.0,0.0
2025-07-01,AP,B,1,123.69,123.69,1.0
2025-07-01,AP,C,5,11599.02,0.0,0.0
2025-07-01,AP,D,5,1443.7,0.0,0.0
2025-07-01,BA,B,2,447.46,307.9,0.68810619943682116
2025-07-01,BA,C,13,3607.23,1608.48,0.44590447517901549
2025-07-01,BA,D,7,3231.09,0.0,0.0
2025-07-01,BA,A,1,354.05,0.0,0.0
2025-07-01,BA,E,1,22.11,0.0,0.0
2025-07-01,CE,C,2731,1500733.41,105193.36000000003,0.070094634596027314
2025-07-01,CE,G,1,1588.27,0.0,0.0
2025-07-01,CE,D,1949,919924.65,69840.52999999997,0.075919837564957057
2025-07-01,CE,E,503,387068.72,91045.910000000018,0.23521898127030266
2025-07-01,CE,A,350,557926.08,44281.830000000009,0.079368632489809424
2025-07-01,CE,F,86,102131.59,14134.75,0.13839743413374844
2025-07-01,CE,B,414,234361.31,17138.870000000003,0.0731301169122156
2025-07-01,DF,D,3,712.91,0.0,0.0
2025-07-01,DF,B,4,3110.38,619.6,0.19920395578675273
2025-07-01,DF,C,11,9074.05,0.0,0.0
2025-07-01,DF,A,1,79.95,0.0,0.0
2025-07-01,DF,E,4,2048.24,0.0,0.0
2025-07-01,ES,A,3,1083.13,0.0,0.0
2025-07-01,ES,E,4,933.73,0.0,0.0
2025-07-01,ES,D,23,10803.92,886.28,0.082033187954001871
2025-07-01,ES,B,5,748.8,0.0,0.0
2025-07-01,ES,C,14,11646.45,181.45,0.015579854805541601
2025-07-01,GO,B,4,2139.44,147.18,0.068793703025090677
2025-07-01,GO,F,1,9251.38,0.0,0.0
2025-07-01,GO,D,21,9510.44,3717.5099999999998,0.390887277560239
2025-07-01,GO,A,3,2919.61,0.0,0.0
2025-07-01,GO,C,18,8830.15,681.93999999999994,0.077228586150858133
2025-07-01,GO,E,10,2564.01,0.0,0.0
2025-07-01,MA,C,8,2746.5,0.0,0.0
2025-07-01,MA,A,1,352.74,0.0,0.0
2025-07-01,MA,B,1,175.28,0.0,0.0
2025-07-01,MA,E,1,669.28,0.0,0.0
2025-07-01,MA,D,6,1313.87,281.57,0.21430582934384682
2025-07-01,MG,D,159,85274.26,940.01,0.011023373289900142
2025-07-01,MG,E,47,51056.58,1071.07,0.020978099198967103
2025-07-01,MG,C,256,113636.42,10968.820000000002,0.096525568123318223
2025-07-01,MG,A,33,45147.65,0.0,0.0
2025-07-01,MG,F,5,5134.78,0.0,0.0
2025-07-01,MG,B,46,22102.75,225.81,0.010216375790342831
2025-07-01,MS,C,6,1220.58,0.0,0.0
2025-07-01,MS,D,3,1123.95,0.0,0.0
2025-07-01,MT,D,3,747.39,0.0,0.0
2025-07-01,MT,B,5,1561.36,0.0,0.0
2025-07-01,MT,C,7,2994.49,635.97,0.21238007139780066
2025-07-01,MT,F,1,224.12,0.0,0.0
2025-07-01,PA,A,4,2970.16,0.0,0.0
2025-07-01,PA,E,6,1497.26,0.0,0.0
2025-07-01,PA,C,18,6286.62,0.0,0.0
2025-07-01,PA,B,4,12150.24,7290.6,0.60003753012286176
2025-07-01,PA,D,13,1944.98,0.0,0.0
2025-07-01,PB,G,3,26909.71,0.0,0.0
2025-07-01,PB,B,127,54152.04,2255.85,0.041657710402045793
2025-07-01,PB,F,22,16223.37,180.18,0.011106200499649579
2025-07-01,PB,D,549,315796.88,148284.23,0.46955571568661481
2025-07-01,PB,E,160,116448.27,2666.38,0.02289754927230778
2025-07-01,PB,C,768,502256.9,32198.850000000002,0.06410832782984166
2025-07-01,PB,A,102,112959.66,7790.2099999999991,0.068964531231768919
2025-07-01,PE,F,244,246072.93,42199.210000000006,0.17149066335740387
2025-07-01,PE,B,1436,836979.04,69472.189999999959,0.083003500302707645
2025-07-01,PE,G,14,16082.9,2769.41,0.17219593481275142
2025-07-01,PE,C,8468,4614671.63,615271.85000000009,0.13332949759634363
2025-07-01,PE,D,6274,3806865.16,321607.15000000014,0.0844808356700504
2025-07-01,PE,E,1671,1480891.39,72217.219999999972,0.048766047589756042
2025-07-01,PE,A,1070,1378913,117117.38999999997,0.084934575277773122
2025-07-01,PI,C,1,287.35,0.0,0.0
2025-07-01,PI,D,2,1387.27,0.0,0.0
2025-07-01,PR,C,31,21734.04,13771.94,0.63365761726765935
2025-07-01,PR,D,17,8095.21,2467.81,0.3048481756495508
2025-07-01,PR,F,2,691.29,334.5,0.48387796727856619
2025-07-01,PR,E,3,403.84,0.0,0.0
2025-07-01,PR,B,1,421.14,0.0,0.0
2025-07-01,PR,A,1,273.87,0.0,0.0
2025-07-01,RJ,A,4,3099.32,0.0,0.0
2025-07-01,RJ,B,4,2900.43,0.0,0.0
2025-07-01,RJ,D,24,15116.69,201.9,0.013356098458061917
2025-07-01,RJ,F,7,7770.99,3120.33,0.40153571166608115
2025-07-01,RJ,C,40,28100.52,1743.88,0.062058638060790337
2025-07-01,RJ,E,9,7553.56,947.21,0.12539914954008441
2025-07-01,RJ,G,1,237.8,0.0,0.0
2025-07-01,RN,D,1,113.88,0.0,0.0
2025-07-01,RN,C,5,2888.05,0.0,0.0
2025-07-01,RN,E,2,493.13,154.73,0.31377121651491491
2025-07-01,RN,A,1,159.6,0.0,0.0
2025-07-01,RO,C,1,114.73,0.0,0.0
2025-07-01,RR,D,1,5373.69,0.0,0.0
2025-07-01,RR,C,3,568.27,0.0,0.0
2025-07-01,RS,D,11,3776.91,711.53,0.18838945063557247
2025-07-01,RS,A,3,559.38,0.0,0.0
2025-07-01,RS,C,14,3927.66,1285.69,0.32734248891197304
2025-07-01,RS,E,2,100.04,0.0,0.0
2025-07-01,RS,B,3,1485.85,0.0,0.0
2025-07-01,SC,C,42,14066.1,1177.83,0.083735363746880787
2025-07-01,SC,B,6,11533.74,1334.05,0.11566499678335042
2025-07-01,SC,E,7,7166.02,0.0,0.0
2025-07-01,SC,F,1,2143.2,0.0,0.0
2025-07-01,SC,A,7,9921.7,0.0,0.0
2025-07-01,SC,D,27,9811.54,494.22,0.050371297472160334
2025-07-01,SE,C,1,1026.57,0.0,0.0
2025-07-01,SP,A,131,134578.86,18384.98,0.13661120327516521
2025-07-01,SP,D,690,366156.16,26995.120000000006,0.0737257021703527
2025-07-01,SP,F,39,31035.2,1702.04,0.054842243645924625
2025-07-01,SP,B,166,71217.79,5713.77,0.080229532536743989
2025-07-01,SP,E,191,113125.32,8399.05,0.074245535835832321
2025-07-01,SP,C,1001,602159.9,33750.039999999986,0.056048302120416831
2025-07-01,TO,D,1,55.38,0.0,0.0
2025-06-01,AC,C,1,829.95,0.0,0.0
2025-06-01,AC,D,1,60.08,0.0,0.0
2025-06-01,AL,C,1,215.28,0.0,0.0
2025-06-01,AL,F,1,724.4,0.0,0.0
2025-06-01,AM,A,1,433.35,0.0,0.0
2025-06-01,AM,B,1,208.23,0.0,0.0
2025-06-01,AM,E,1,184.89,0.0,0.0
2025-06-01,AM,D,11,4706.24,0.0,0.0
2025-06-01,AM,C,5,2182.5,0.0,0.0
2025-06-01,AP,C,9,4015.59,0.0,0.0
2025-06-01,AP,D,5,550.29,0.0,0.0
2025-06-01,AP,E,1,245.41,0.0,0.0
2025-06-01,BA,E,6,1604.39,186.89999999999998,0.11649287268058263
2025-06-01,BA,D,7,2946.91,0.0,0.0
2025-06-01,BA,A,1,394.36,0.0,0.0
2025-06-01,BA,C,16,4526.38,411.02,0.090805456015623953
2025-06-01,BA,B,3,1118.66,0.0,0.0
2025-06-01,CE,B,468,205973.9,18681.120000000003,0.090696539707215348
2025-06-01,CE,F,76,67956.88,3506.86,0.051604193718134204
2025-06-01,CE,G,7,31166.63,569.93000000000006,0.018286545577754158
2025-06-01,CE,A,324,329467.45,14806.39,0.0449403727136019
2025-06-01,CE,C,2473,1197484.82,94984.599999999977,0.079320086913502563
2025-06-01,CE,D,1887,1226787.66,64603.51000000006,0.052660710656316889
2025-06-01,CE,E,468,280605.76,12529.59,0.044651934443541
2025-06-01,DF,C,8,2229.27,0.0,0.0
2025-06-01,DF,B,4,2314.48,57.09,0.024666447755003287
2025-06-01,DF,A,1,283.74,0.0,0.0
2025-06-01,DF,D,5,2198.53,0.0,0.0
2025-06-01,ES,D,12,2408.27,99.21,0.04119554701092485
2025-06-01,ES,A,2,660.83,0.0,0.0
2025-06-01,ES,B,3,344.59,0.0,0.0
2025-06-01,ES,E,2,219.38,177.48,0.8090072021150515
2025-06-01,ES,C,17,4601.81,0.0,0.0
2025-06-01,GO,B,2,320.43,0.0,0.0
2025-06-01,GO,E,2,647.8,308.8,0.47669033652361847
2025-06-01,GO,C,27,8529.99,709.54,0.083181809122871181
2025-06-01,GO,D,15,5590.51,61.24,0.010954277874469414
2025-06-01,GO,A,2,586.49,36.99,0.063070129072959474
2025-06-01,MA,E,1,354,0.0,0.0
2025-06-01,MA,C,2,217.05,0.0,0.0
2025-06-01,MA,D,7,3583.79,0.0,0.0
2025-06-01,MA,A,3,1896.1,234.31,0.12357470597542325
2025-06-01,MG,F,8,5741.71,0.0,0.0
2025-06-01,MG,B,44,66188.15,1419.8700000000001,0.021452027288872709
2025-06-01,MG,G,1,521.53,0.0,0.0
2025-06-01,MG,A,32,29128.25,1573.06,0.054004617510492389
2025-06-01,MG,C,224,191800.8,16274.050000000001,0.084848707617486488
2025-06-01,MG,E,47,17330.71,617.87,0.035651741907861828
2025-06-01,MG,D,150,73037.94,5791.7,0.079297143375073278
2025-06-01,MS,D,4,625.56,0.0,0.0
2025-06-01,MS,C,1,402.98,0.0,0.0
2025-06-01,MS,A,1,9889.29,0.0,0.0
2025-06-01,MT,D,6,1873,0.0,0.0
2025-06-01,MT,C,6,1890.01,0.0,0.0
2025-06-01,PA,D,17,5584.39,453.87,0.081274767700679929
2025-06-01,PA,C,32,17213.87,438.05,0.025447502508151858
2025-06-01,PA,E,6,2234.1,0.0,0.0
2025-06-01,PA,F,1,74.29,0.0,0.0
2025-06-01,PA,B,6,2195.1,647.26,0.29486583754726436
2025-06-01,PA,A,6,4081.75,1478.59,0.3622441354811049
2025-06-01,PB,F,28,13753.54,218.1,0.015857735535723894
2025-06-01,PB,C,715,357571.12,25497.859999999997,0.07130849941124999
2025-06-01,PB,A,87,82227.81,3335.6899999999996,0.040566445828971974
2025-06-01,PB,B,114,75960.97,3632.75,0.047823902196088335
2025-06-01,PB,E,138,97942.17,3225.05,0.0329281044110009
2025-06-01,PB,D,498,230051.48,19315.749999999996,0.083962728690117519
2025-06-01,PE,G,17,55132.56,992.79,0.018007326342183275
2025-06-01,PE,B,1391,1201356.49,60941.239999999954,0.050727024415542096
2025-06-01,PE,E,1573,1011689.53,69748.23,0.06894232660488242
2025-06-01,PE,A,1030,1772666.24,74877.569999999992,0.042240083502690269
2025-06-01,PE,F,218,288864.89,9245.92,0.0320077666759709
2025-06-01,PE,C,8090,4472749.74,511405.70000000013,0.11433809842443814
2025-06-01,PE,D,5788,2914124.47,242116.57000000012,0.083083812133803642
2025-06-01,PI,C,1,147.41,0.0,0.0
2025-06-01,PI,E,1,281.32,0.0,0.0
2025-06-01,PR,A,1,159.62,159.62,1.0
2025-06-01,PR,C,22,8256.55,238.91,0.028935814595684641
2025-06-01,PR,B,1,141.98,0.0,0.0
2025-06-01,PR,E,4,1229.64,180.23,0.14657135421749454
2025-06-01,PR,D,14,7781.74,2032.0,0.26112411877035213
2025-06-01,RJ,E,7,4032.84,799.8,0.19832177820097002
2025-06-01,RJ,C,32,13636.36,492.76,0.036135742969531454
2025-06-01,RJ,D,16,2910.04,650.82999999999993,0.22364984673750188
2025-06-01,RJ,A,4,6997.69,0.0,0.0
2025-06-01,RJ,B,6,2327.42,0.0,0.0
2025-06-01,RN,D,2,704.41,0.0,0.0
2025-06-01,RN,E,1,16.64,0.0,0.0
2025-06-01,RN,B,1,40.61,0.0,0.0
2025-06-01,RN,C,4,1606.56,0.0,0.0
2025-06-01,RO,D,1,261.42,0.0,0.0
2025-06-01,RO,C,1,168.81,0.0,0.0
2025-06-01,RR,D,2,1901.63,0.0,0.0
2025-06-01,RR,B,1,579.6,0.0,0.0
2025-06-01,RR,C,1,732.71,0.0,0.0
2025-06-01,RS,D,11,3672.22,314.85,0.085738327224403776
2025-06-01,RS,C,16,4998.61,0.0,0.0
2025-06-01,RS,F,2,508.99,0.0,0.0
2025-06-01,RS,E,2,385.95,0.0,0.0
2025-06-01,RS,B,3,1008.4,0.0,0.0
2025-06-01,SC,A,13,7045.51,0.0,0.0
2025-06-01,SC,F,1,60.23,0.0,0.0
2025-06-01,SC,D,32,62345.27,409.26,0.0065644113819701162
2025-06-01,SC,C,39,11051.41,1527.2900000000002,0.13819865519422411
2025-06-01,SC,E,4,1303.2,0.0,0.0
2025-06-01,SC,B,6,2423.48,0.0,0.0
2025-06-01,SP,F,25,24675.31,0.0,0.0
2025-06-01,SP,A,108,149493.02,26988.59,0.18053411456936252
2025-06-01,SP,B,168,64649.14,13756.92,0.21279354992193245
2025-06-01,SP,D,628,255286.99,25385.819999999996,0.09944032008838366
2025-06-01,SP,G,2,747.49,0.0,0.0
2025-06-01,SP,C,918,402254.38,28278.290000000005,0.070299520417900746
2025-06-01,SP,E,198,128149.28,15830.279999999997,0.12352999564258181
2025-06-01,TO,A,1,160.67,160.67,1.0
2025-06-01,TO,C,3,1014.82,0.0,0.0
2025-05-01,AC,B,1,939.94,0.0,0.0
2025-05-01,AC,C,1,146.45,0.0,0.0
2025-05-01,AL,D,1,450.64,0.0,0.0
2025-05-01,AL,B,1,252.55,0.0,0.0
2025-05-01,AM,C,5,1347.51,0.0,0.0
2025-05-01,AM,E,1,388.04,0.0,0.0
2025-05-01,AM,D,7,4877.11,0.0,0.0
2025-05-01,AP,C,4,781.15,120.1,0.153747679703002
2025-05-01,AP,D,4,1231.27,121.69,0.098832912358784025
2025-05-01,AP,B,2,85.74,58.75,0.685211103335666
2025-05-01,BA,A,2,547.89,0.0,0.0
2025-05-01,BA,C,7,2406.82,1225.45,0.50915731130703579
2025-05-01,BA,B,1,150.93,0.0,0.0
2025-05-01,BA,D,11,2985.59,484.21000000000004,0.16218234921740762
2025-05-01,CE,B,429,232276.21,39190.679999999993,0.16872446816658493
2025-05-01,CE,F,98,108339.7,3261.86,0.030107707516265968
2025-05-01,CE,G,2,1048.96,506.37,0.48273528065893834
2025-05-01,CE,C,2437,1144132.92,89725.689999999973,0.078422435393258313
2025-05-01,CE,E,504,206085.24,13640.66,0.066189407839202852
2025-05-01,CE,D,1847,773971.93,52593.38,0.067952567737178782
2025-05-01,CE,A,341,410325.02,89826.039999999979,0.21891436208301404
2025-05-01,DF,D,5,1086.37,314.85,0.28981838600108623
2025-05-01,DF,C,5,2089.6,0.0,0.0
2025-05-01,DF,A,1,364.98,0.0,0.0
2025-05-01,DF,E,3,1114.41,0.0,0.0
2025-05-01,DF,B,2,1048.62,0.0,0.0
2025-05-01,ES,D,20,7696.14,721.19,0.093708014667092859
2025-05-01,ES,B,4,981.3,286.35,0.29180678691531647
2025-05-01,ES,C,21,9566.46,0.0,0.0
2025-05-01,ES,A,4,2361.76,0.0,0.0
2025-05-01,ES,E,5,2305.92,99.9,0.043323272273105749
2025-05-01,GO,C,18,7431.39,779.76,0.10492788024851339
2025-05-01,GO,E,5,3221.49,1809.5,0.5616966062287948
2025-05-01,GO,A,4,839.53,175.27,0.20877157457148646
2025-05-01,GO,D,15,5029.78,80.33,0.015970877453884664
2025-05-01,GO,F,2,365.09,0.0,0.0
2025-05-01,GO,B,4,778.58,0.0,0.0
2025-05-01,MA,E,1,160.65,0.0,0.0
2025-05-01,MA,C,5,3015.37,0.0,0.0
2025-05-01,MA,D,4,1912.92,0.0,0.0
2025-05-01,MA,A,1,45.75,45.75,1.0
2025-05-01,MG,A,38,14597.41,348.67999999999995,0.023886429167914031
2025-05-01,MG,D,184,88532.56,2624.69,0.029646606852891187
2025-05-01,MG,B,40,72363.52,558.62,0.0077196355290621568
2025-05-01,MG,E,44,17774.92,668.08999999999992,0.037586104466292958
2025-05-01,MG,G,1,167.13,0.0,0.0
2025-05-01,MG,C,231,123931.32,7311.45,0.058995982613595975
2025-05-01,MG,F,3,646.17,143.05,0.22138137022764912
2025-05-01,MS,C,6,7210.47,140.57,0.019495261751314406
2025-05-01,MS,E,1,477.78,0.0,0.0
2025-05-01,MS,D,2,552.79,0.0,0.0
2025-05-01,MT,B,2,205.14,49.78,0.24266354684605637
2025-05-01,MT,C,5,1364.12,0.0,0.0
2025-05-01,MT,F,1,135.44,0.0,0.0
2025-05-01,MT,D,12,2337.52,296.92,0.12702351209829221
2025-05-01,MT,E,3,1789.86,0.0,0.0
2025-05-01,PA,E,3,561.03,0.0,0.0
2025-05-01,PA,F,2,1290.45,0.0,0.0
2025-05-01,PA,B,3,799.85,237.72,0.29720572607363882
2025-05-01,PA,A,3,901.91,88.9,0.098568593318623818
2025-05-01,PA,D,15,5199.58,234.78,0.045153647025336661
2025-05-01,PA,C,27,23234.15,2261.92,0.097353249419496732
2025-05-01,PB,C,650,573551.75,26350.94000000001,0.045943439279890627
2025-05-01,PB,A,108,79521.23,2534.49,0.031871866167060038
2025-05-01,PB,F,22,9755.44,313.84,0.032170768309784076
2025-05-01,PB,G,1,162.36,0.0,0.0
2025-05-01,PB,D,549,238202.04,16274.849999999999,0.068323722164596062
2025-05-01,PB,E,143,57402.34,6713.6100000000006,0.11695707875323551
2025-05-01,PB,B,114,55928.87,1944.4799999999998,0.034767017463431672
2025-05-01,PE,G,17,39052.35,515.8,0.013207911943839487
2025-05-01,PE,C,7872,3540741.07,273493.77000000037,0.0772419571476884
2025-05-01,PE,E,1780,1265013.8,109820.92000000006,0.086814009459817792
2025-05-01,PE,D,5976,3210966.04,287195.00999999978,0.089441933182202
2025-05-01,PE,A,1190,1017180.24,100258.50000000003,0.09856512745469774
2025-05-01,PE,B,1361,1063936.69,42103.279999999992,0.039573106553924736
2025-05-01,PE,F,286,246261.82,28381.339999999993,0.11524864065408105
2025-05-01,PI,G,1,154.32,0.0,0.0
2025-05-01,PR,A,3,2456.15,1733.66,0.70584451275369986
2025-05-01,PR,D,8,1911.68,89.19,0.046655297957817206
2025-05-01,PR,C,22,9850.2,59.08,0.0059978477594363564
2025-05-01,PR,B,5,2877.24,0.0,0.0
2025-05-01,PR,E,2,603.84,0.0,0.0
2025-05-01,RJ,B,6,601.95,0.0,0.0
2025-05-01,RJ,A,7,1919.9,798.19,0.41574561175061203
2025-05-01,RJ,E,7,1228.18,64.49,0.052508589946099096
2025-05-01,RJ,C,43,17495.6,3359.77,0.19203514026383778
2025-05-01,RJ,D,25,10394.63,165.69,0.015939961306944066
2025-05-01,RN,C,3,383.36,178.59,0.46585454924874792
2025-05-01,RN,D,4,2014.39,271.94,0.13499868446527236
2025-05-01,RN,B,2,648.26,0.0,0.0
2025-05-01,RO,B,1,9.89,0.0,0.0
2025-05-01,RR,D,1,283.72,0.0,0.0
2025-05-01,RR,A,1,247.51,0.0,0.0
2025-05-01,RS,B,2,3320.07,0.0,0.0
2025-05-01,RS,D,8,6173.96,0.0,0.0
2025-05-01,RS,C,15,4927.03,529.4,0.10744809753543209
2025-05-01,SC,F,1,310.35,0.0,0.0
2025-05-01,SC,B,4,1874.24,0.0,0.0
2025-05-01,SC,C,44,17866.33,3524.5599999999995,0.19727386654114187
2025-05-01,SC,A,7,7063.09,419.16,0.0593451308138506
2025-05-01,SC,E,10,10531.63,360.79,0.034257754972402188
2025-05-01,SC,D,28,12251.6,1326.3400000000001,0.10825851317378955
2025-05-01,SE,C,1,443.81,0.0,0.0
2025-05-01,SE,E,1,2006.24,0.0,0.0
2025-05-01,SE,D,2,619.94,0.0,0.0
2025-05-01,SP,E,180,120649.89,18438.43,0.15282591637671614
2025-05-01,SP,C,914,389268,37437.820000000007,0.096174923189165318
2025-05-01,SP,A,147,87900.7,8778.62,0.09986973937636448
2025-05-01,SP,B,153,73437.02,3251.0499999999997,0.044269906376919972
2025-05-01,SP,G,2,512.11,0.0,0.0
2025-05-01,SP,D,681,320357.05,23513.920000000006,0.073399102657487975
2025-05-01,SP,F,30,21148.78,0.0,0.0
2025-05-01,TO,C,1,26.35,0.0,0.0
2025-05-01,TO,B,1,348.56,0.0,0.0
2025-04-01,AC,B,1,315.98,0.0,0.0
2025-04-01,AL,D,1,74.73,0.0,0.0
2025-04-01,AL,E,1,29.88,29.88,1.0
2025-04-01,AL,C,2,559.52,0.0,0.0
2025-04-01,AL,A,1,389.93,0.0,0.0
2025-04-01,AM,E,2,770.79,185.37,0.24049351963569846
2025-04-01,AM,A,1,142.83,0.0,0.0
2025-04-01,AM,D,3,880.49,0.0,0.0
2025-04-01,AM,C,11,3322.83,0.0,0.0
2025-04-01,AM,B,1,299.9,0.0,0.0
2025-04-01,AP,C,5,882.21,0.0,0.0
2025-04-01,AP,E,2,486.2,0.0,0.0
2025-04-01,AP,D,3,1288.99,0.0,0.0
2025-04-01,AP,B,1,238.68,0.0,0.0
2025-04-01,BA,D,9,3453.81,0.0,0.0
2025-04-01,BA,A,2,1222.32,0.0,0.0
2025-04-01,BA,E,1,105.44,0.0,0.0
2025-04-01,BA,C,11,5240.31,0.0,0.0
2025-04-01,CE,A,228,419191.09,8354.4600000000009,0.019929956049399809
2025-04-01,CE,D,1349,734744.34,146029.69000000003,0.1987489825372456
2025-04-01,CE,C,1926,892699.35,65705.050000000017,0.073602663651541833
2025-04-01,CE,E,374,198191.33,16988.77,0.085719037255565123
2025-04-01,CE,B,272,351985.83,37866.87,0.10758066596033142
2025-04-01,CE,F,50,29539.8,3053.1800000000003,0.10335818116574927
2025-04-01,CE,G,5,5427.16,0.0,0.0
2025-04-01,DF,C,4,1518.79,0.0,0.0
2025-04-01,DF,A,1,479.6,0.0,0.0
2025-04-01,DF,D,5,2259.52,0.0,0.0
2025-04-01,DF,F,1,68493.15,0.0,0.0
2025-04-01,ES,C,9,4541.44,0.0,0.0
2025-04-01,ES,A,1,285.65,0.0,0.0
2025-04-01,ES,B,2,5507.57,5319.47,0.965847006937724
2025-04-01,ES,D,14,4427.65,32.38,0.0073131345070183967
2025-04-01,GO,E,7,6112.88,448.88,0.073431835730457654
2025-04-01,GO,F,1,359.94,0.0,0.0
2025-04-01,GO,C,14,3629.57,166.41,0.045848406285042026
2025-04-01,GO,B,6,2274.4,89.96,0.039553288779458316
2025-04-01,GO,D,9,2572.25,356.33,0.13852852560987461
2025-04-01,GO,A,2,331.86,0.0,0.0
2025-04-01,MA,A,1,58.48,0.0,0.0
2025-04-01,MA,D,4,1099.05,0.0,0.0
2025-04-01,MA,E,1,431.6,0.0,0.0
2025-04-01,MA,C,1,47.18,0.0,0.0
2025-04-01,MG,B,31,18709.25,2532.4700000000003,0.13535924743108357
2025-04-01,MG,G,1,5583.08,0.0,0.0
2025-04-01,MG,F,5,4404.89,0.0,0.0
2025-04-01,MG,E,30,29191.21,752.29000000000008,0.025771113975748182
2025-04-01,MG,C,181,117186.41,4265.35,0.036397991883188506
2025-04-01,MG,D,111,50876.31,3833.8999999999996,0.0753572733557131
2025-04-01,MG,A,21,18707.09,1057.0,0.056502641511854593
2025-04-01,MS,E,2,561.93,0.0,0.0
2025-04-01,MS,C,3,1248.36,0.0,0.0
2025-04-01,MS,D,2,244.89,0.0,0.0
2025-04-01,MT,C,5,2855.14,0.0,0.0
2025-04-01,MT,D,3,1230.59,0.0,0.0
2025-04-01,MT,A,1,2166.66,0.0,0.0
2025-04-01,MT,B,2,447.47,0.0,0.0
2025-04-01,PA,C,19,13787.96,154.85,0.011230812970156571
2025-04-01,PA,E,6,6863.08,0.0,0.0
2025-04-01,PA,B,1,292.07,0.0,0.0
2025-04-01,PA,A,2,1186.86,0.0,0.0
2025-04-01,PA,D,11,8769.96,1196.43,0.13642365529603329
2025-04-01,PA,F,2,1905.3,1671.25,0.8771584527371018
2025-04-01,PB,A,68,76102.65,5091.71,0.066905817340132054
2025-04-01,PB,F,9,9745.27,8133.33,0.83459257670644316
2025-04-01,PB,B,92,50182.16,9767.6400000000012,0.19464367416627743
2025-04-01,PB,G,1,1079.2,0.0,0.0
2025-04-01,PB,D,424,227895.48,20461.249999999996,0.0897834832002811
2025-04-01,PB,C,567,300434.8,30284.860000000008,0.10080343555407033
2025-04-01,PB,E,98,44738.84,1534.12,0.034290562741456865
2025-04-01,PE,B,1004,550835.06,29105.779999999992,0.05283937445811817
2025-04-01,PE,G,14,10532.96,3043.37,0.28893777247801189
2025-04-01,PE,F,168,143003.13,27683.51,0.19358674177271504
2025-04-01,PE,E,1107,749801.23,36735.350000000006,0.048993451237736706
2025-04-01,PE,A,754,773230.7,45300.049999999988,0.058585426057190942
2025-04-01,PE,C,6341,3547455.7,551135.08,0.15536066595560302
2025-04-01,PE,D,4494,2356954.87,154624.61999999991,0.06560355565908646
2025-04-01,PI,D,2,941.55,0.0,0.0
2025-04-01,PR,E,1,197.75,0.0,0.0
2025-04-01,PR,C,11,4762.97,271.77,0.057058935916035579
2025-04-01,PR,D,12,3740.42,45.9,0.01227134920677357
2025-04-01,PR,A,2,284.25,0.0,0.0
2025-04-01,PR,B,3,383.87,0.0,0.0
2025-04-01,RJ,B,6,1459.42,527.73,0.36160255443943484
2025-04-01,RJ,E,6,2978.07,0.0,0.0
2025-04-01,RJ,D,20,12224.99,6397.68,0.52332803544215578
2025-04-01,RJ,C,22,5719.38,0.0,0.0
2025-04-01,RJ,A,1,202.37,0.0,0.0
2025-04-01,RN,E,1,299.85,0.0,0.0
2025-04-01,RN,D,1,399.5,0.0,0.0
2025-04-01,RN,A,1,57.79,0.0,0.0
2025-04-01,RO,C,1,62.94,0.0,0.0
2025-04-01,RO,D,1,79.9,0.0,0.0
2025-04-01,RR,D,1,213.81,0.0,0.0
2025-04-01,RR,B,1,515.32,0.0,0.0
2025-04-01,RR,C,2,383.92,161.56,0.42081683684100851
2025-04-01,RR,A,1,1438.22,0.0,0.0
2025-04-01,RS,E,1,153.99,0.0,0.0
2025-04-01,RS,A,2,300.93,0.0,0.0
2025-04-01,RS,D,3,325.99,164.99,0.50611981962636887
2025-04-01,RS,C,13,6233.52,0.0,0.0
2025-04-01,SC,F,1,375.48,0.0,0.0
2025-04-01,SC,A,6,1308.98,269.28,0.20571742883772096
2025-04-01,SC,B,4,1332.02,150.93,0.11330910947283075
2025-04-01,SC,C,31,15282.09,1141.48,0.0746939718323868
2025-04-01,SC,D,23,47723.15,1118.3700000000001,0.023434538583475738
2025-04-01,SC,E,1,471.3,471.3,1.0
2025-04-01,SE,C,3,2252.01,0.0,0.0
2025-04-01,SE,E,1,118.15,0.0,0.0
2025-04-01,SE,D,2,383.27,193.32,0.50439637853210528
2025-04-01,SE,A,1,956.8,0.0,0.0
2025-04-01,SP,B,97,41781.52,3654.0499999999997,0.087456128929727789
2025-04-01,SP,F,15,10571.23,0.0,0.0
2025-04-01,SP,D,497,227930.17,13809.009999999997,0.060584388630956561
2025-04-01,SP,E,121,59641.42,3277.6,0.0549550966425682
2025-04-01,SP,A,95,270112.25,4089.13,0.015138632179769707
2025-04-01,SP,C,707,372526.15,20215.829999999998,0.054266874956295008
2025-04-01,TO,C,1,178.9,0.0,0.0
2025-04-01,TO,D,1,1427,1427.0,1.0
2025-03-01,AC,E,1,322.45,0.0,0.0
2025-03-01,AC,D,2,117.77,0.0,0.0
2025-03-01,AL,E,1,456.68,0.0,0.0
2025-03-01,AL,D,1,519.75,0.0,0.0
2025-03-01,AM,C,5,2117.48,1014.53,0.4791214084666679
2025-03-01,AM,D,3,848.94,0.0,0.0
2025-03-01,AM,B,3,225.37,0.0,0.0
2025-03-01,AM,A,1,248.61,0.0,0.0
2025-03-01,AP,E,1,519.1,0.0,0.0
2025-03-01,AP,C,5,2782.78,0.0,0.0
2025-03-01,AP,D,1,37.9,0.0,0.0
2025-03-01,AP,B,2,4376.24,0.0,0.0
2025-03-01,BA,D,1,171.79,0.0,0.0
2025-03-01,BA,C,8,3913.33,0.0,0.0
2025-03-01,BA,B,1,87.96,0.0,0.0
2025-03-01,CE,G,1,173.59,0.0,0.0
2025-03-01,CE,B,217,121103.62,8178.9599999999991,0.0675368746202632
2025-03-01,CE,F,22,6849.08,424.5,0.061979127123642883
2025-03-01,CE,A,130,167848.04,1603.99,0.0095562033372567235
2025-03-01,CE,E,209,112645.19,8832.7200000000012,0.078411870049666571
2025-03-01,CE,C,1446,844429.32,66420.5,0.07865726405615571
2025-03-01,CE,D,1018,542952.39,41476.39,0.076390473205210488
2025-03-01,DF,D,8,2421.45,87.75,0.036238617357368524
2025-03-01,DF,C,5,889.92,0.0,0.0
2025-03-01,ES,B,2,1186.84,0.0,0.0
2025-03-01,ES,C,9,5081.81,1391.8400000000001,0.27388666636493691
2025-03-01,ES,D,5,2280.4,0.0,0.0
2025-03-01,ES,E,1,119.81,0.0,0.0
2025-03-01,ES,A,1,387.07,0.0,0.0
2025-03-01,GO,D,6,96625.73,498.33,0.0051573219679685737
2025-03-01,GO,B,2,287.71,0.0,0.0
2025-03-01,GO,C,8,3123.09,105.65,0.033828676086824265
2025-03-01,GO,F,1,69.53,0.0,0.0
2025-03-01,MA,D,1,899.97,899.97,1.0
2025-03-01,MA,E,2,1123.99,0.0,0.0
2025-03-01,MA,B,1,68.95,0.0,0.0
2025-03-01,MA,C,2,742.69,249.9,0.33647955405350816
2025-03-01,MG,A,9,4077.3,0.0,0.0
2025-03-01,MG,E,18,65676.13,30852.63,0.46976930583455512
2025-03-01,MG,G,1,3090.19,0.0,0.0
2025-03-01,MG,F,3,534,0.0,0.0
2025-03-01,MG,D,82,68721.95,1883.39,0.027405945262030548
2025-03-01,MG,C,123,53642.93,9430.85,0.17580788372298084
2025-03-01,MG,B,18,13454.73,3324.1499999999996,0.24706181394944379
2025-03-01,MS,A,1,149.95,0.0,0.0
2025-03-01,MT,E,1,80.78,0.0,0.0
2025-03-01,MT,D,6,2212.45,1200.45,0.54258853307419386
2025-03-01,MT,C,4,839.96,91.26,0.10864803085861231
2025-03-01,PA,A,2,30955.3,0.0,0.0
2025-03-01,PA,B,1,18.76,0.0,0.0
2025-03-01,PA,D,9,5116.87,470.7,0.091989829720121874
2025-03-01,PA,C,17,9032.56,800.38,0.088610537876305281
2025-03-01,PA,E,2,546.95,0.0,0.0
2025-03-01,PB,A,35,191566.32,567.59,0.002962890345233964
2025-03-01,PB,F,7,1986.97,432.34000000000003,0.21758758310392207
2025-03-01,PB,C,419,229628.43,16416.22,0.071490363802078
2025-03-01,PB,D,290,128090.16,11339.460000000001,0.088527174921164908
2025-03-01,PB,E,61,23411.68,202.13,0.0086337247049336052
2025-03-01,PB,B,59,27232.19,982.22000000000014,0.036068344117751831
2025-03-01,PE,D,3241,1744904.51,141953.56000000006,0.081353196800436983
2025-03-01,PE,E,791,476603.94,42733.62999999999,0.089662771147045045
2025-03-01,PE,C,4653,2526661.72,467467.99000000011,0.1850140785763755
2025-03-01,PE,A,402,409928.38,100181.56999999999,0.24438798309109505
2025-03-01,PE,B,678,569272.99,16268.220000000001,0.028577185789194041
2025-03-01,PE,F,102,50160.21,1749.92,0.0348866163040386
2025-03-01,PE,G,2,605.45,0.0,0.0
2025-03-01,PR,B,2,706.5,0.0,0.0
2025-03-01,PR,A,3,1156.51,0.0,0.0
2025-03-01,PR,E,2,282.06,61.9,0.21945685315181165
2025-03-01,PR,D,11,4800.99,0.0,0.0
2025-03-01,PR,C,10,13253.33,148.7,0.01121982173536764
2025-03-01,RJ,E,4,2183.94,139.6,0.0639211699955127
2025-03-01,RJ,D,12,7759.81,415.36,0.053527083781690528
2025-03-01,RJ,B,2,1334.08,0.0,0.0
2025-03-01,RJ,A,2,426.35,0.0,0.0
2025-03-01,RJ,C,24,4952.97,882.76,0.17822841648546225
2025-03-01,RN,D,1,71.84,0.0,0.0
2025-03-01,RN,E,1,445.38,0.0,0.0
2025-03-01,RR,C,2,3444.37,0.0,0.0
2025-03-01,RR,B,1,121.02,0.0,0.0
2025-03-01,RS,E,1,594.3,0.0,0.0
2025-03-01,RS,D,4,2601.35,483.08,0.18570357698887116
2025-03-01,RS,A,1,507.48,0.0,0.0
2025-03-01,RS,C,9,5293.64,0.0,0.0
2025-03-01,SC,E,2,81.52,58.45,0.71700196270853789
2025-03-01,SC,D,20,10432.88,3427.62,0.32854015382138013
2025-03-01,SC,C,18,11470.65,1922.92,0.16763827681953508
2025-03-01,SC,B,6,2402.96,0.0,0.0
2025-03-01,SC,A,1,310.26,0.0,0.0
2025-03-01,SE,C,1,97.98,0.0,0.0
2025-03-01,SE,A,1,2272.64,0.0,0.0
2025-03-01,SE,D,4,1571.61,0.0,0.0
2025-03-01,SP,G,1,718.2,718.2,1.0
2025-03-01,SP,B,66,37487.2,358.52,0.0095637977763076473
2025-03-01,SP,E,96,41474.78,5548.33,0.13377599591848346
2025-03-01,SP,D,363,222142.1,16427.399999999998,0.073949962659036708
2025-03-01,SP,C,518,244842.06,10341.52,0.042237514257150104
2025-03-01,SP,A,41,41745.05,1072.67,0.025695741171707785
2025-03-01,SP,F,9,2571.31,0.0,0.0
2025-03-01,TO,D,2,1873.05,0.0,0.0
2025-03-01,TO,C,1,1140,0.0,0.0
2025-02-01,AC,B,1,92.44,0.0,0.0
2025-02-01,AC,C,1,478.56,0.0,0.0
2025-02-01,AL,C,1,825.94,0.0,0.0
2025-02-01,AM,B,2,4181.75,0.0,0.0
2025-02-01,AM,C,5,1690.73,663.28,0.39230391605992676
2025-02-01,AM,E,1,384.48,0.0,0.0
2025-02-01,AM,D,3,2602.77,0.0,0.0
2025-02-01,AP,D,3,704.36,167.23,0.23742120506559145
2025-02-01,AP,C,1,298.73,0.0,0.0
2025-02-01,BA,D,2,1520.82,0.0,0.0
2025-02-01,BA,E,2,469.41,0.0,0.0
2025-02-01,BA,A,1,98.75,0.0,0.0
2025-02-01,BA,C,9,3187.7,324.12,0.10167832606581549
2025-02-01,BA,B,1,602.68,0.0,0.0
2025-02-01,CE,F,26,8768.64,63.5,0.0072417159331435669
2025-02-01,CE,D,1002,488967.82,38766.759999999995,0.079282845239181582
2025-02-01,CE,E,247,101346.16,5888.6999999999989,0.058104816206159156
2025-02-01,CE,C,1451,726558.14,79057.950000000012,0.10881159489865465
2025-02-01,CE,A,178,138710.38,6883.760000000002,0.049626855610949962
2025-02-01,CE,B,214,128035.68,4601.0000000000009,0.035935295536369247
2025-02-01,DF,C,3,881.5,0.0,0.0
2025-02-01,DF,D,5,1469.2,0.0,0.0
2025-02-01,DF,B,1,602.45,0.0,0.0
2025-02-01,ES,D,11,6676.66,712.6,0.10673001171244305
2025-02-01,ES,C,5,4352.87,0.0,0.0
2025-02-01,ES,F,1,157.31,0.0,0.0
2025-02-01,ES,A,3,2924.77,0.0,0.0
2025-02-01,ES,E,5,5261.07,0.0,0.0
2025-02-01,GO,A,2,445.31,0.0,0.0
2025-02-01,GO,E,3,1280.57,226.23,0.17666351702757366
2025-02-01,GO,C,9,3151.7,341.1,0.10822730589840406
2025-02-01,GO,D,8,5442.49,231.75,0.04258161246047306
2025-02-01,MA,C,4,1483.23,279.12,0.188183895956797
2025-02-01,MA,B,1,1737.87,0.0,0.0
2025-02-01,MA,D,1,2178.52,0.0,0.0
2025-02-01,MG,A,14,5233.07,399.47,0.076335688228898149
2025-02-01,MG,F,2,326.04,0.0,0.0
2025-02-01,MG,B,24,5451.65,114.95,0.021085359478323077
2025-02-01,MG,D,99,46810.97,4086.3099999999995,0.08729385441062211
2025-02-01,MG,C,132,70849.7,14767.730000000001,0.20843743869063669
2025-02-01,MG,E,21,24216.99,0.0,0.0
2025-02-01,MS,C,1,175.95,0.0,0.0
2025-02-01,MT,D,2,1203.72,0.0,0.0
2025-02-01,MT,B,2,968.78,0.0,0.0
2025-02-01,MT,E,2,571.92,0.0,0.0
2025-02-01,MT,C,3,321.05,30.29,0.094346674972745667
2025-02-01,MT,A,1,210.54,0.0,0.0
2025-02-01,PA,B,1,676.6,0.0,0.0
2025-02-01,PA,A,1,69.56,0.0,0.0
2025-02-01,PA,E,1,17.69,0.0,0.0
2025-02-01,PA,D,10,2527.37,0.0,0.0
2025-02-01,PA,C,14,2894.3,0.0,0.0
2025-02-01,PB,B,56,29813.2,1230.62,0.041277689077321447
2025-02-01,PB,F,16,7108.09,0.0,0.0
2025-02-01,PB,A,48,32080.9,1564.79,0.04877637472764168
2025-02-01,PB,D,267,217664.42,10795.920000000004,0.049598919290529904
2025-02-01,PB,E,92,48136.22,7285.66,0.15135505031346458
2025-02-01,PB,C,319,154577.67,20070.370000000003,0.12984003446293374
2025-02-01,PE,G,4,857.97,0.0,0.0
2025-02-01,PE,B,717,418107.42,36923.159999999989,0.088310224200278467
2025-02-01,PE,A,477,328707.09,12446.26,0.037864288233028377
2025-02-01,PE,F,89,29042.5,1568.94,0.054022208831884307
2025-02-01,PE,C,4553,2215463.69,169235.86,0.07638846024147658
2025-02-01,PE,D,3230,1454258.8,151703.28,0.10431656318669001
2025-02-01,PE,E,856,474942.44,27955.399999999998,0.058860606350529546
2025-02-01,PI,E,1,383.65,0.0,0.0
2025-02-01,PI,D,1,150.93,0.0,0.0
2025-02-01,PR,A,3,2103.39,0.0,0.0
2025-02-01,PR,D,8,16408.7,0.0,0.0
2025-02-01,PR,C,12,3089.77,150.79,0.048802985335478041
2025-02-01,PR,E,3,1344.38,0.0,0.0
2025-02-01,RJ,D,17,13188.18,0.0,0.0
2025-02-01,RJ,B,3,1262.05,0.0,0.0
2025-02-01,RJ,E,7,2094.18,0.0,0.0
2025-02-01,RJ,C,18,4486.91,261.72,0.058329674542168225
2025-02-01,RJ,A,1,129.8,0.0,0.0
2025-02-01,RN,B,1,326.94,0.0,0.0
2025-02-01,RN,D,1,321.21,0.0,0.0
2025-02-01,RN,C,2,597.78,0.0,0.0
2025-02-01,RO,A,1,469.14,0.0,0.0
2025-02-01,RO,C,3,258.81,82.76,0.31977126077044937
2025-02-01,RR,D,1,74.35,0.0,0.0
2025-02-01,RR,C,2,199.33,0.0,0.0
2025-02-01,RS,A,1,1084.21,0.0,0.0
2025-02-01,RS,B,2,371.38,302.38,0.81420647315418171
2025-02-01,RS,D,6,9508.18,0.0,0.0
2025-02-01,RS,C,7,3148.45,0.0,0.0
2025-02-01,RS,E,3,944.54,0.0,0.0
2025-02-01,SC,D,15,12409.24,162.4,0.013087022251161233
2025-02-01,SC,C,21,8058.24,696.18,0.086393554920181082
2025-02-01,SC,B,1,131.98,0.0,0.0
2025-02-01,SC,E,2,142.53,0.0,0.0
2025-02-01,SC,A,2,540.47,0.0,0.0
2025-02-01,SP,E,102,106245.94,68579.97,0.64548320622886857
2025-02-01,SP,A,47,19763.6,603.79000000000008,0.030550608188791521
2025-02-01,SP,B,81,30731.99,1151.94,0.037483417116821918
2025-02-01,SP,F,21,8973.72,2655.9100000000003,0.29596532987434426
2025-02-01,SP,C,518,243837.33,18178.390000000003,0.074551300245946778
2025-02-01,SP,D,376,199430.04,22907.309999999994,0.11486388911118903
2025-02-01,TO,C,1,303.55,0.0,0.0
2025-01-01,AC,C,1,1419.6,0.0,0.0
2025-01-01,AL,A,1,62900,0.0,0.0
2025-01-01,AL,C,2,274.16,203.4,0.741902538663554
2025-01-01,AM,C,5,1849.69,0.0,0.0
2025-01-01,AM,B,3,1179.14,0.0,0.0
2025-01-01,AM,E,1,295.8,0.0,0.0
2025-01-01,AM,D,3,461.18,32.99,0.07153389132226029
2025-01-01,AP,D,3,351.05,0.0,0.0
2025-01-01,AP,B,1,199.93,0.0,0.0
2025-01-01,AP,C,4,1899.31,0.0,0.0
2025-01-01,AP,A,1,282.4,0.0,0.0
2025-01-01,AP,E,3,1929.22,982.5,0.50927317776096037
2025-01-01,BA,C,6,3860.08,843.04,0.21839961866075314
2025-01-01,BA,A,1,1406.4,0.0,0.0
2025-01-01,BA,D,5,2472.97,1615.1999999999998,0.65314176880431218
2025-01-01,CE,F,31,14054.18,1799.4899999999998,0.1280394871845956
2025-01-01,CE,A,154,125195.74,6997.53,0.055892716477413687
2025-01-01,CE,G,1,253.24,0.0,0.0
2025-01-01,CE,B,227,135669.24,11226.71,0.082750592544043142
2025-01-01,CE,C,1463,848616.28,74202.62,0.087439543346964771
2025-01-01,CE,D,1046,628215.72,48611.540000000015,0.077380330438085856
2025-01-01,CE,E,263,150095.8,9982.98,0.066510721818998267
2025-01-01,DF,B,1,141.89,0.0,0.0
2025-01-01,DF,D,10,7167.08,727.2,0.10146391556952065
2025-01-01,DF,C,5,9754.04,0.0,0.0
2025-01-01,DF,E,1,303.84,0.0,0.0
2025-01-01,ES,D,3,1100.42,0.0,0.0
2025-01-01,ES,B,4,1372.81,199.5,0.14532236798974368
2025-01-01,ES,E,1,47.54,0.0,0.0
2025-01-01,ES,A,6,1982.67,0.0,0.0
2025-01-01,ES,C,15,9101.58,1914.54,0.21035248824929298
2025-01-01,GO,A,1,2664.36,2664.36,1.0
2025-01-01,GO,B,5,1851.62,0.0,0.0
2025-01-01,GO,D,15,8052.38,1512.45,0.18782645627752292
2025-01-01,GO,C,17,4575.29,308.25,0.067372778556113386
2025-01-01,GO,E,3,1117.25,0.0,0.0
2025-01-01,MA,F,1,548.7,0.0,0.0
2025-01-01,MA,D,2,472.64,0.0,0.0
2025-01-01,MA,B,1,329.15,0.0,0.0
2025-01-01,MA,C,4,2586.76,0.0,0.0
2025-01-01,MA,E,1,80.12,0.0,0.0
2025-01-01,MG,E,22,8403.4,166.3,0.019789608967798751
2025-01-01,MG,C,147,103223.81,4810.3700000000008,0.0466013606744413
2025-01-01,MG,F,3,983.52,828.93000000000006,0.84281966813079556
2025-01-01,MG,B,25,11931.13,216.65,0.018158380639553842
2025-01-01,MG,D,97,35826.23,6333.5599999999995,0.17678555628097065
2025-01-01,MG,A,10,3867.01,0.0,0.0
2025-01-01,MS,D,1,496.81,0.0,0.0
2025-01-01,MT,C,2,397.2,0.0,0.0
2025-01-01,MT,D,5,2212.33,0.0,0.0
2025-01-01,PA,D,7,3159.57,0.0,0.0
2025-01-01,PA,B,1,235.42,0.0,0.0
2025-01-01,PA,C,11,3205.36,992.25,0.30955961264881321
2025-01-01,PA,E,3,3104.15,364.85,0.11753620153665255
2025-01-01,PA,A,1,617.97,0.0,0.0
2025-01-01,PB,G,2,374.97,0.0,0.0
2025-01-01,PB,C,404,259406.58,45540.86,0.17555784436925231
2025-01-01,PB,F,7,2317.69,0.0,0.0
2025-01-01,PB,D,286,159297.8,12036.040000000003,0.075556850125990463
2025-01-01,PB,E,69,37826.25,1875.83,0.049590694292984371
2025-01-01,PB,B,62,34230.94,3264.9900000000002,0.095381254502505633
2025-01-01,PB,A,58,47399.22,502.19000000000005,0.010594900084853719
2025-01-01,PE,G,7,4580.72,0.0,0.0
2025-01-01,PE,F,122,52242.24,5055.93,0.096778583766699136
2025-01-01,PE,B,762,447053.16,33709.03,0.0754027328651474
2025-01-01,PE,D,3356,2141544.81,165899.13999999993,0.07746704118696443
2025-01-01,PE,E,819,596122.86,103179.51000000002,0.17308430346053166
2025-01-01,PE,A,494,285680.92,13677.450000000003,0.047876666037059819
2025-01-01,PE,C,4599,2652396.43,181591.75000000009,0.068463276434133968
2025-01-01,PI,C,2,1802.6,0.0,0.0
2025-01-01,PR,A,1,269.64,0.0,0.0
2025-01-01,PR,F,1,159.9,0.0,0.0
2025-01-01,PR,D,7,5295.24,2618.17,0.49443840128115063
2025-01-01,PR,E,1,129.87,129.87,1.0
2025-01-01,PR,C,11,13660.87,0.0,0.0
2025-01-01,PR,B,1,407.17,0.0,0.0
2025-01-01,RJ,B,5,2191.49,0.0,0.0
2025-01-01,RJ,A,1,308.37,0.0,0.0
2025-01-01,RJ,D,13,5838.9,102.15,0.017494733597081643
2025-01-01,RJ,C,20,8705.09,458.65,0.052687565550729509
2025-01-01,RJ,E,2,793.58,142.18,0.17916278132009375
2025-01-01,RN,D,1,107.7,107.7,1.0
2025-01-01,RN,E,2,367.54,0.0,0.0
2025-01-01,RN,C,2,835.09,0.0,0.0
2025-01-01,RO,C,1,136.07,0.0,0.0
2025-01-01,RR,A,1,67.44,0.0,0.0
2025-01-01,RS,B,1,43.9,43.9,1.0
2025-01-01,RS,E,1,85.11,0.0,0.0
2025-01-01,RS,D,6,3233.98,0.0,0.0
2025-01-01,RS,C,9,3721.98,0.0,0.0
2025-01-01,RS,A,1,222.35,0.0,0.0
2025-01-01,SC,E,3,1310.98,0.0,0.0
2025-01-01,SC,A,5,1730.89,0.0,0.0
2025-01-01,SC,D,14,8519.01,453.48,0.053231537467381775
2025-01-01,SC,F,1,261.18,0.0,0.0
2025-01-01,SC,C,34,20044.13,209.88,0.010470895968046505
2025-01-01,SC,B,5,2850.08,0.0,0.0
2025-01-01,SP,E,78,48527.89,5097.6600000000008,0.10504598489652035
2025-01-01,SP,C,492,312183.33,25907.53,0.082988191586014531
2025-01-01,SP,B,78,38242.33,4924.54,0.12877196551569947
2025-01-01,SP,A,58,26598,828.48,0.0311482066320776
2025-01-01,SP,D,422,284635.11,24385.29,0.085672108405740952
2025-01-01,SP,F,9,2225.57,0.0,0.0
2025-01-01,SP,G,1,164.77,0.0,0.0
2025-01-01,TO,C,2,318.11,0.0,0.0
2025-01-01,TO,E,1,176,176.0,1.0
2024-12-01,AC,C,1,114.92,0.0,0.0
2024-12-01,AC,A,1,2388.72,0.0,0.0
2024-12-01,AL,D,1,211.69,0.0,0.0
2024-12-01,AM,C,4,3993.09,0.0,0.0
2024-12-01,AM,D,2,4184.11,0.0,0.0
2024-12-01,AP,C,1,1471.5,0.0,0.0
2024-12-01,AP,E,1,1417.18,0.0,0.0
2024-12-01,BA,E,1,1914.72,0.0,0.0
2024-12-01,BA,C,8,5099.86,181.79,0.035646076558964367
2024-12-01,BA,B,2,680.43,0.0,0.0
2024-12-01,BA,D,1,101.1,0.0,0.0
2024-12-01,BA,A,1,269.63,0.0,0.0
2024-12-01,CE,C,1204,708098.38,57334.409999999982,0.080969553976383876
2024-12-01,CE,D,860,528627.33,36076.770000000011,0.0682461309747266
2024-12-01,CE,E,168,99994.78,6289.6,0.062899283342590484
2024-12-01,CE,A,117,101023.69,3739.42,0.037015278297595343
2024-12-01,CE,F,26,9185.44,1215.57,0.13233661098434041
2024-12-01,CE,B,173,87243,6540.84,0.074972662563185591
2024-12-01,CE,G,2,3518.28,0.0,0.0
2024-12-01,DF,B,1,1744.63,0.0,0.0
2024-12-01,DF,D,2,1125.1,0.0,0.0
2024-12-01,DF,C,8,4706.58,784.51,0.16668366414679023
2024-12-01,DF,A,1,92.98,0.0,0.0
2024-12-01,ES,A,1,403.62,0.0,0.0
2024-12-01,ES,C,10,3971.12,104.3,0.0262646306331715
2024-12-01,ES,B,1,850.06,0.0,0.0
2024-12-01,ES,E,3,1013.48,0.0,0.0
2024-12-01,ES,D,7,6070.37,0.0,0.0
2024-12-01,GO,B,2,1337.5,0.0,0.0
2024-12-01,GO,D,5,4384.68,151.2,0.034483702345439113
2024-12-01,GO,C,14,8557.29,1053.52,0.12311374278539115
2024-12-01,GO,E,2,307.06,0.0,0.0
2024-12-01,MA,B,1,953.98,0.0,0.0
2024-12-01,MA,C,3,589.81,0.0,0.0
2024-12-01,MA,F,1,1286.18,0.0,0.0
2024-12-01,MA,E,1,58.49,0.0,0.0
2024-12-01,MG,G,1,182.29,0.0,0.0
2024-12-01,MG,F,3,481.39,0.0,0.0
2024-12-01,MG,D,81,51501.27,2502.8999999999996,0.048598801544117255
2024-12-01,MG,A,6,4733.06,463.75,0.097981010171009866
2024-12-01,MG,E,14,6323.05,0.0,0.0
2024-12-01,MG,B,14,5525.26,542.88,0.098254199802362233
2024-12-01,MG,C,115,79354.77,4702.5000000000009,0.059259197651256514
2024-12-01,MS,C,2,1594.47,0.0,0.0
2024-12-01,MT,A,1,193.68,0.0,0.0
2024-12-01,MT,B,1,363.17,0.0,0.0
2024-12-01,MT,D,3,932.8,99.69,0.10687178387650086
2024-12-01,MT,F,2,1182.82,0.0,0.0
2024-12-01,MT,C,2,377.82,0.0,0.0
2024-12-01,PA,C,16,7553.1,612.93000000000006,0.0811494618103825
2024-12-01,PA,D,9,6199.83,0.0,0.0
2024-12-01,PA,E,2,2484.4,0.0,0.0
2024-12-01,PA,A,1,165.15,0.0,0.0
2024-12-01,PB,C,340,207852.56,17283.089999999997,0.083150719914154514
2024-12-01,PB,D,256,157208.44,8506.41,0.054109117805634349
2024-12-01,PB,F,9,3290.53,0.0,0.0
2024-12-01,PB,E,61,38526.67,10084.91,0.26176438295861026
2024-12-01,PB,A,41,29348.72,13836.380000000001,0.47144747709610507
2024-12-01,PB,B,45,24758.69,9036.9499999999989,0.36500113697453296
2024-12-01,PE,G,4,2884.91,375.43,0.13013577546613239
2024-12-01,PE,B,536,340362.8,36314.499999999993,0.10669350469557776
2024-12-01,PE,A,368,239780.04,14379.140000000001,0.059968044045701219
2024-12-01,PE,F,86,34772.96,2632.93,0.075717741601520255
2024-12-01,PE,C,4009,2376912.48,206891.41000000003,0.087042081583079592
2024-12-01,PE,D,2816,1698691.62,127642.93999999997,0.075141914222194114
2024-12-01,PE,E,597,479688.1,107719.41999999997,0.22456137644440205
2024-12-01,PI,E,1,37.58,0.0,0.0
2024-12-01,PI,A,1,228.08,0.0,0.0
2024-12-01,PR,B,1,197.95,0.0,0.0
2024-12-01,PR,C,8,4062.42,0.0,0.0
2024-12-01,PR,D,5,2688.39,0.0,0.0
2024-12-01,PR,A,1,1218.95,0.0,0.0
2024-12-01,PR,E,3,1478.96,602.68,0.40750256937307294
2024-12-01,RJ,B,5,5634.93,0.0,0.0
2024-12-01,RJ,C,14,6054.9,0.0,0.0
2024-12-01,RJ,D,13,4348.88,0.0,0.0
2024-12-01,RJ,F,1,664.76,0.0,0.0
2024-12-01,RJ,E,3,1082.3,0.0,0.0
2024-12-01,RN,C,1,76.41,0.0,0.0
2024-12-01,RN,E,1,1132.09,0.0,0.0
2024-12-01,RR,A,1,215.65,0.0,0.0
2024-12-01,RR,C,2,2273.87,2187.2,0.9618843645415085
2024-12-01,RS,C,11,7213.14,52.95,0.0073407697618512882
2024-12-01,RS,D,5,2938.98,1936.9099999999999,0.65904157224615334
2024-12-01,RS,E,2,1893.24,0.0,0.0
2024-12-01,SC,B,6,6535.8,0.0,0.0
2024-12-01,SC,E,4,2533.75,0.0,0.0
2024-12-01,SC,D,10,4314.76,171.79,0.039814497214213533
2024-12-01,SC,C,16,11562.53,108.45,0.009379435123627787
2024-12-01,SC,A,4,1542.39,0.0,0.0
2024-12-01,SP,A,35,23976.77,0.0,0.0
2024-12-01,SP,B,60,30858.72,7356.6699999999992,0.23839841704386958
2024-12-01,SP,C,431,239237.7,25332.219999999998,0.10588724101594355
2024-12-01,SP,D,293,170140.64,13729.309999999998,0.0806938894787277
2024-12-01,SP,E,74,41042.64,4271.1799999999994,0.10406689238314103
2024-12-01,SP,F,10,4079.67,222.7,0.054587748518875295
2024-12-01,TO,C,2,661.06,0.0,0.0
2024-11-01,AM,D,1,105.73,0.0,0.0
2024-11-01,AM,C,2,308.11,0.0,0.0
2024-11-01,AM,E,1,1656.73,0.0,0.0
2024-11-01,AP,C,2,1612.5,1477.41,0.91622325581395359
2024-11-01,AP,D,1,420.92,0.0,0.0
2024-11-01,BA,B,2,634.4,0.0,0.0
2024-11-01,BA,D,3,803.22,0.0,0.0
2024-11-01,BA,C,3,772.5,0.0,0.0
2024-11-01,CE,G,1,2917.5,0.0,0.0
2024-11-01,CE,C,807,495277.27,47574.220000000016,0.096055730560782676
2024-11-01,CE,E,88,65480.75,1223.62,0.018686713270694058
2024-11-01,CE,D,529,367872.85,27742.74,0.075413937179653251
2024-11-01,CE,B,81,62859.27,2665.83,0.04240949664226136
2024-11-01,CE,A,32,56862.74,2530.95,0.044509814335362663
2024-11-01,CE,F,10,8316.69,0.0,0.0
2024-11-01,DF,C,4,1692.97,0.0,0.0
2024-11-01,ES,D,4,976.56,0.0,0.0
2024-11-01,ES,B,1,1241.64,0.0,0.0
2024-11-01,ES,C,4,5109.82,0.0,0.0
2024-11-01,GO,C,5,2322.59,17.65,0.0075992749473647939
2024-11-01,GO,B,2,1078.28,0.0,0.0
2024-11-01,GO,F,1,851.62,0.0,0.0
2024-11-01,GO,D,7,5028.29,1249.46,0.24848606583948024
2024-11-01,MA,D,2,486.46,0.0,0.0
2024-11-01,MA,C,3,1195.31,213.94,0.17898285800336314
2024-11-01,MG,A,2,1529.95,0.0,0.0
2024-11-01,MG,C,84,50997.87,2185.87,0.042861986196678407
2024-11-01,MG,D,60,43202.08,4644.37,0.10750338872572801
2024-11-01,MG,E,9,3157.59,285.73,0.090489898941914559
2024-11-01,MG,B,9,5558.84,0.0,0.0
2024-11-01,MS,C,1,318.4,0.0,0.0
2024-11-01,MS,A,1,36.99,0.0,0.0
2024-11-01,MT,C,3,2383.56,0.0,0.0
2024-11-01,MT,D,2,1768.5,927.0,0.5241730279898219
2024-11-01,MT,E,2,2388.51,0.0,0.0
2024-11-01,PA,C,8,9074.02,70.81,0.0078035975234791192
2024-11-01,PA,B,2,1728.43,1350.84,0.78154163026561674
2024-11-01,PA,D,6,2351.87,0.0,0.0
2024-11-01,PB,D,184,137276.86,6550.2199999999993,0.04771539791921231
2024-11-01,PB,B,23,18996.1,336.32,0.017704686751491096
2024-11-01,PB,C,230,159676.14,8216.9100000000017,0.051459848666181439
2024-11-01,PB,A,10,3579.58,1476.08,0.41236122673609754
2024-11-01,PB,E,23,15843.97,632.95,0.039948952188119523
2024-11-01,PB,F,1,828.39,828.39,1.0
2024-11-01,PE,A,107,169719.48,3756.2600000000007,0.022132167739377945
2024-11-01,PE,B,290,259535.29,22993.89,0.08859639088002251
2024-11-01,PE,G,2,2867.5,0.0,0.0
2024-11-01,PE,C,2608,1638983.13,126593.48000000003,0.0772390378417135
2024-11-01,PE,D,1681,1129218.1,130224.13000000003,0.11532238989084573
2024-11-01,PE,E,305,245338.71,33782.09,0.13769571870659952
2024-11-01,PE,F,31,17742.21,850.69,0.047947239943614696
2024-11-01,PR,D,3,1056.92,0.0,0.0
2024-11-01,PR,C,8,6155.35,0.0,0.0
2024-11-01,RJ,E,1,19.74,0.0,0.0
2024-11-01,RJ,B,2,1141.56,0.0,0.0
2024-11-01,RJ,C,15,8663.19,0.0,0.0
2024-11-01,RJ,D,6,6424.57,0.0,0.0
2024-11-01,RJ,F,1,1647.22,0.0,0.0
2024-11-01,RN,C,1,399.78,0.0,0.0
2024-11-01,RR,C,1,154.23,0.0,0.0
2024-11-01,RS,B,1,195.96,0.0,0.0
2024-11-01,RS,D,1,248.42,0.0,0.0
2024-11-01,RS,E,1,9.99,0.0,0.0
2024-11-01,RS,C,5,2048.4,874.89,0.42710896309314583
2024-11-01,SC,C,18,6604.86,479.6,0.072613196948913383
2024-11-01,SC,D,7,10349.08,163.1,0.015759854982278616
2024-11-01,SP,B,25,13702.86,133.32,0.0097293557695254853
2024-11-01,SP,E,32,18841.87,2303.93,0.12227714128162438
2024-11-01,SP,D,200,152421.32,18540.829999999998,0.12164197239598763
2024-11-01,SP,A,17,5896.41,296.09,0.050215300496403742
2024-11-01,SP,C,274,171472.51,19337.239999999998,0.11277166234984252
2024-11-01,SP,F,4,2593.6,0.0,0.0
2024-11-01,TO,D,1,324.38,0.0,0.0
2024-10-01,AM,D,3,2348.25,0.0,0.0
2024-10-01,AM,C,2,1057.38,789.25,0.74642039758648726
2024-10-01,AP,D,1,495.15,0.0,0.0
2024-10-01,AP,C,1,602.02,0.0,0.0
2024-10-01,BA,C,3,869.4,0.0,0.0
2024-10-01,BA,D,1,140,0.0,0.0
2024-10-01,BA,B,1,11753,0.0,0.0
2024-10-01,CE,A,34,66031.38,2303.41,0.034883565965151714
2024-10-01,CE,F,4,4186.05,0.0,0.0
2024-10-01,CE,G,1,4090,0.0,0.0
2024-10-01,CE,D,501,334782.43,23853.829999999998,0.071251738031771858
2024-10-01,CE,E,89,66107.6,3578.55,0.054132202651434931
2024-10-01,CE,C,682,502253.84,39480.62000000001,0.078606905225453341
2024-10-01,CE,B,67,43274.89,2556.37,0.059072824910704563
2024-10-01,DF,D,3,3192.43,0.0,0.0
2024-10-01,DF,A,1,1270,0.0,0.0
2024-10-01,DF,E,1,849.79,0.0,0.0
2024-10-01,ES,D,5,953.84,0.0,0.0
2024-10-01,ES,E,1,380.96,0.0,0.0
2024-10-01,ES,B,1,493.07,0.0,0.0
2024-10-01,ES,C,7,12073.03,0.0,0.0
2024-10-01,GO,B,1,573.77,0.0,0.0
2024-10-01,GO,E,1,527.14,0.0,0.0
2024-10-01,GO,D,3,3235.57,0.0,0.0
2024-10-01,GO,C,7,4522.15,0.0,0.0
2024-10-01,MA,D,1,277.87,0.0,0.0
2024-10-01,MG,A,1,224.75,0.0,0.0
2024-10-01,MG,D,42,24424.15,1766.69,0.072333735257931187
2024-10-01,MG,E,6,4149.64,0.0,0.0
2024-10-01,MG,B,7,3080.97,0.0,0.0
2024-10-01,MG,C,65,46147.8,6437.0999999999995,0.13948877302926682
2024-10-01,MS,C,2,3447.96,0.0,0.0
2024-10-01,MT,E,1,735.4,0.0,0.0
2024-10-01,MT,A,1,663.97,0.0,0.0
2024-10-01,MT,C,3,463.15,0.0,0.0
2024-10-01,PA,C,8,47866.75,2832.67,0.059178239592201268
2024-10-01,PA,D,2,2213.42,0.0,0.0
2024-10-01,PA,B,1,523.96,0.0,0.0
2024-10-01,PB,A,7,176230.28,173040.0,0.981897095096257
2024-10-01,PB,C,185,138089.7,3575.9700000000003,0.025895993691057335
2024-10-01,PB,D,121,63941.81,2898.3899999999994,0.045328557324229635
2024-10-01,PB,E,23,15796.71,1673.9299999999998,0.10596700198965481
2024-10-01,PB,F,1,117.18,0.0,0.0
2024-10-01,PB,B,25,28437.73,3313.3,0.11651070602330074
2024-10-01,PE,A,116,283471.15,12231.199999999997,0.04314795350426312
2024-10-01,PE,C,2142,1400621.59,115381.98000000003,0.0823791242572521
2024-10-01,PE,F,14,10743.25,1035.93,0.096426128033881744
2024-10-01,PE,B,254,172556.37,19599.41,0.1135826512808539
2024-10-01,PE,D,1522,941585.54,59699.44000000001,0.063403097715370615
2024-10-01,PE,E,250,194952.93,13660.380000000001,0.070070144624140823
2024-10-01,PE,G,6,1407.17,0.0,0.0
2024-10-01,PI,D,1,378.34,0.0,0.0
2024-10-01,PR,B,2,395.83,0.0,0.0
2024-10-01,PR,C,2,844.66,0.0,0.0
2024-10-01,PR,D,7,8044.97,0.0,0.0
2024-10-01,RJ,E,2,501.26,209.59,0.41812632166939312
2024-10-01,RJ,B,3,692.06,0.0,0.0
2024-10-01,RJ,D,10,6009.52,44.68,0.0074348700062567387
2024-10-01,RJ,C,9,6374.8,1352.4,0.21214783208884985
2024-10-01,RJ,A,2,736.29,0.0,0.0
2024-10-01,RN,C,1,346.35,0.0,0.0
2024-10-01,RS,D,3,1990.69,555.0,0.27879780377658
2024-10-01,RS,E,1,1703.36,0.0,0.0
2024-10-01,RS,B,1,8888.67,0.0,0.0
2024-10-01,RS,C,7,13429.65,0.0,0.0
2024-10-01,SC,C,11,8034.69,0.0,0.0
2024-10-01,SC,D,11,6072.65,2102.6800000000003,0.34625410652680466
2024-10-01,SC,B,2,387.52,0.0,0.0
2024-10-01,SC,E,2,1672.78,0.0,0.0
2024-10-01,SE,D,1,252.93,0.0,0.0
2024-10-01,SP,C,243,179095.92,28053.570000000003,0.15663991675522257
2024-10-01,SP,E,23,13441.12,1608.94,0.11970282238384897
2024-10-01,SP,D,164,93463.55,8783.64,0.093979310651050585
2024-10-01,SP,A,10,8547.52,2596.47,0.30376881247426152
2024-10-01,SP,B,37,28204.25,169.2,0.0059990958809399289
2024-09-01,AL,C,1,65.78,0.0,0.0
2024-09-01,AM,B,1,1047.85,0.0,0.0
2024-09-01,AM,C,2,693.99,0.0,0.0
2024-09-01,AM,D,1,133.35,0.0,0.0
2024-09-01,BA,C,3,2066.59,384.99,0.18629239471786857
2024-09-01,BA,D,1,853.84,0.0,0.0
2024-09-01,BA,B,1,66.42,66.42,1.0
2024-09-01,CE,F,3,929.68,51.1,0.054965149298683423
2024-09-01,CE,B,43,22242.67,1794.6,0.080682759758608114
2024-09-01,CE,C,386,295361.21,36848.7,0.12475808857906559
2024-09-01,CE,A,17,24566.27,431.4,0.017560663462544375
2024-09-01,CE,D,291,234088.18,13848.18,0.059157963464878921
2024-09-01,CE,E,46,29774.65,1262.45,0.042400162554387708
2024-09-01,DF,C,2,3918.06,0.0,0.0
2024-09-01,DF,D,2,794.94,0.0,0.0
2024-09-01,DF,B,1,50.67,0.0,0.0
2024-09-01,ES,C,3,483.36,0.0,0.0
2024-09-01,ES,D,1,2877.98,0.0,0.0
2024-09-01,GO,D,1,1153.57,0.0,0.0
2024-09-01,GO,B,1,11260.13,0.0,0.0
2024-09-01,GO,C,3,1700.06,0.0,0.0
2024-09-01,MG,C,25,6783.4,52.5,0.0077394816758557658
2024-09-01,MG,D,34,31407.41,2039.66,0.064941999356202887
2024-09-01,MG,E,3,886.02,0.0,0.0
2024-09-01,MG,A,1,2176.7,0.0,0.0
2024-09-01,MG,B,7,14259.72,0.0,0.0
2024-09-01,MG,F,1,273.81,0.0,0.0
2024-09-01,MT,D,1,2.2,0.0,0.0
2024-09-01,PA,C,4,3023.89,313.95,0.10382322108277749
2024-09-01,PA,E,1,297.82,0.0,0.0
2024-09-01,PA,B,1,468.27,0.0,0.0
2024-09-01,PA,D,5,14769.6,0.0,0.0
2024-09-01,PB,F,1,149.9,0.0,0.0
2024-09-01,PB,A,2,716.68,0.0,0.0
2024-09-01,PB,B,11,5178.94,0.0,0.0
2024-09-01,PB,D,88,51054.73,3089.04,0.060504482150821277
2024-09-01,PB,E,15,5362.77,165.35,0.030832946406428016
2024-09-01,PB,C,112,86709.34,2659.2400000000002,0.030668437794590529
2024-09-01,PE,F,3,307.17,0.0,0.0
2024-09-01,PE,A,55,126225.81,6628.81,0.05251548791804149
2024-09-01,PE,B,135,86446.66,31078.799999999996,0.35951417903248079
2024-09-01,PE,D,864,599944.86,53119.450000000004,0.08854055354353732
2024-09-01,PE,E,137,108344.16,4651.13,0.042929217412364447
2024-09-01,PE,C,1248,974407.57,55945.880000000005,0.057415276443305963
2024-09-01,PI,D,1,377.78,0.0,0.0
2024-09-01,PI,C,1,585.45,0.0,0.0
2024-09-01,PR,E,1,684.46,0.0,0.0
2024-09-01,PR,C,5,2619.45,1362.96,0.52032296856210281
2024-09-01,PR,D,2,1985.49,0.0,0.0
2024-09-01,RJ,B,2,378.31,0.0,0.0
2024-09-01,RJ,C,5,1747.47,151.65,0.086782605709969277
2024-09-01,RJ,D,3,3404.51,0.0,0.0
2024-09-01,RN,C,1,1362.43,0.0,0.0
2024-09-01,RO,A,1,421.05,0.0,0.0
2024-09-01,RR,C,1,418.23,0.0,0.0
2024-09-01,RS,D,2,1494.17,1361.91,0.91148262915197065
2024-09-01,RS,C,3,2320.87,0.0,0.0
2024-09-01,SC,B,1,433.01,0.0,0.0
2024-09-01,SC,C,10,9225.31,637.28,0.069079521446975767
2024-09-01,SC,D,7,6972.5,4423.45,0.63441376837576191
2024-09-01,SE,D,1,335.71,0.0,0.0
2024-09-01,SP,B,18,10551.22,505.3,0.047890196583902152
2024-09-01,SP,A,3,1118.32,0.0,0.0
2024-09-01,SP,F,1,217.79,0.0,0.0
2024-09-01,SP,D,95,57126.3,1376.8899999999999,0.02410255871638807
2024-09-01,SP,E,15,12542.72,86.96,0.0069331054189202979
2024-09-01,SP,C,131,95413.38,11980.42,0.12556331197993403
2024-08-01,AM,D,1,73.9,0.0,0.0
2024-08-01,AP,E,1,114.68,0.0,0.0
2024-08-01,BA,D,1,89.4,0.0,0.0
2024-08-01,BA,C,2,1114.36,0.0,0.0
2024-08-01,CE,B,22,8741.58,1205.17,0.13786638113476055
2024-08-01,CE,F,1,1078.8,0.0,0.0
2024-08-01,CE,A,17,10823.97,808.67,0.074711034860591816
2024-08-01,CE,E,12,5289.85,0.0,0.0
2024-08-01,CE,D,131,102524.88,6746.46,0.065803149440408992
2024-08-01,CE,C,201,138594.1,9209.13,0.066446767936008816
2024-08-01,ES,C,2,1210.45,0.0,0.0
2024-08-01,ES,E,1,310.93,0.0,0.0
2024-08-01,ES,D,1,249.9,0.0,0.0
2024-08-01,GO,D,1,892.92,0.0,0.0
2024-08-01,MA,C,1,2611.13,0.0,0.0
2024-08-01,MG,E,2,644.56,0.0,0.0
2024-08-01,MG,B,2,1232.93,0.0,0.0
2024-08-01,MG,D,9,7595.35,479.4,0.0631175653524854
2024-08-01,MG,F,1,183.42,0.0,0.0
2024-08-01,MG,C,21,16427.95,2908.75,0.17706104535258507
2024-08-01,MT,E,1,243.83,0.0,0.0
2024-08-01,MT,C,1,240.8,0.0,0.0
2024-08-01,MT,D,1,1764.97,0.0,0.0
2024-08-01,PA,D,1,174.09,0.0,0.0
2024-08-01,PA,E,1,579.85,0.0,0.0
2024-08-01,PA,C,2,1098.71,0.0,0.0
2024-08-01,PB,F,1,1383.68,0.0,0.0
2024-08-01,PB,B,1,20,0.0,0.0
2024-08-01,PB,A,3,778.43,0.0,0.0
2024-08-01,PB,C,53,52700.67,2525.02,0.047912483845082045
2024-08-01,PB,E,10,6868.05,0.0,0.0
2024-08-01,PB,D,32,36066.98,0.0,0.0
2024-08-01,PE,F,1,325.33,0.0,0.0
2024-08-01,PE,E,91,73355.42,6504.1699999999992,0.08866652252826035
2024-08-01,PE,A,36,45412.44,581.36,0.012801778543500415
2024-08-01,PE,D,385,322605.88,20452.940000000002,0.063399154410948746
2024-08-01,PE,C,569,593285.97,46270.51,0.077990231253909484
2024-08-01,PE,B,59,90582.73,657.32999999999993,0.0072566812680518681
2024-08-01,PE,G,2,6282,0.0,0.0
2024-08-01,PR,C,1,41.97,0.0,0.0
2024-08-01,RJ,C,1,562.94,0.0,0.0
2024-08-01,RJ,E,1,225.64,0.0,0.0
2024-08-01,RJ,D,3,3263.84,0.0,0.0
2024-08-01,RS,C,3,1809.04,0.0,0.0
2024-08-01,SC,B,1,12.75,0.0,0.0
2024-08-01,SC,D,2,1567.7,0.0,0.0
2024-08-01,SE,C,1,784.7,0.0,0.0
2024-08-01,SP,B,6,1790.48,33.25,0.018570439211831463
2024-08-01,SP,C,67,121024.83,4143.07,0.034233223050179042
2024-08-01,SP,A,2,18024.2,0.0,0.0
2024-08-01,SP,E,6,3431.05,791.92,0.23080981040789261
2024-08-01,SP,D,41,28417.67,2038.42,0.071730722469505778
2024-07-01,AM,E,1,842.02,0.0,0.0
2024-07-01,AP,B,1,1052.14,0.0,0.0
2024-07-01,BA,C,1,72.58,0.0,0.0
2024-07-01,CE,A,6,5686.79,0.0,0.0
2024-07-01,CE,C,63,96145.01,2873.45,0.0298866264614253
2024-07-01,CE,E,10,20120.66,1021.83,0.050785113410792691
2024-07-01,CE,B,3,2788.74,0.0,0.0
2024-07-01,CE,D,47,62818.52,4777.3,0.076049228794310988
2024-07-01,MG,D,2,6895.1,0.0,0.0
2024-07-01,MG,C,4,5900.77,0.0,0.0
2024-07-01,PB,A,1,564.4,0.0,0.0
2024-07-01,PB,B,3,6691.67,0.0,0.0
2024-07-01,PB,E,4,2606.66,0.0,0.0
2024-07-01,PB,C,15,18543.09,589.08,0.03176816808849011
2024-07-01,PB,D,10,12678.7,4516.27,0.35620923280778
2024-07-01,PE,A,17,210319.91,4149.21,0.019728089461430447
2024-07-01,PE,B,15,17687.5,796.27,0.045018798586572435
2024-07-01,PE,D,148,222605.14,34057.25,0.15299399645488868
2024-07-01,PE,E,44,50193.36,816.22,0.016261513475089136
2024-07-01,PE,C,171,349821.91,9669.03,0.027639863952489428
2024-07-01,PR,D,1,162.39,0.0,0.0
2024-07-01,PR,B,1,1071.53,0.0,0.0
2024-07-01,RJ,C,1,1163.76,0.0,0.0
2024-07-01,RS,D,1,3591.26,0.0,0.0
2024-07-01,SC,C,2,3954.84,0.0,0.0
2024-07-01,SC,D,1,1106.44,0.0,0.0
2024-07-01,SP,A,2,1432.08,0.0,0.0
2024-07-01,SP,E,3,3336.24,1682.97,0.50445111862455938
2024-07-01,SP,C,22,53162.4,377.05,0.0070924187019397169
2024-07-01,SP,B,4,29653.78,25404.23,0.85669449223674021
2024-07-01,SP,D,7,15683.55,0.0,0.0
2024-06-01,AM,C,1,610.85,0.0,0.0
2024-06-01,BA,D,1,3359.12,0.0,0.0
2024-06-01,CE,E,16,19943.15,1237.27,0.062039848268703783
2024-06-01,CE,C,13,30762.2,0.0,0.0
2024-06-01,CE,D,23,34537.65,1088.71,0.031522411049970105
2024-06-01,CE,B,3,1675.28,0.0,0.0
2024-06-01,MA,C,1,152.94,0.0,0.0
2024-06-01,MG,D,2,1003.17,0.0,0.0
2024-06-01,MG,C,1,21062.22,0.0,0.0
2024-06-01,PA,B,1,1331.1,0.0,0.0
2024-06-01,PB,B,4,2772.12,0.0,0.0
2024-06-01,PB,E,4,5615.26,2455.11,0.43722107257722709
2024-06-01,PB,D,5,9465.26,0.0,0.0
2024-06-01,PB,C,4,2439.42,0.0,0.0
2024-06-01,PE,E,37,27247.31,533.33,0.019573675346300241
2024-06-01,PE,C,47,219937.09,7365.37,0.03348853074304111
2024-06-01,PE,A,4,129728.67,0.0,0.0
2024-06-01,PE,D,54,76478.19,7556.0500000000011,0.0988000631291091
2024-06-01,PE,B,29,31211.74,7389.32,0.23674809542819464
2024-06-01,RJ,D,1,826.85,0.0,0.0
2024-06-01,SP,B,2,4238.43,0.0,0.0
2024-06-01,SP,D,9,20774.59,0.0,0.0
2024-06-01,SP,A,1,31875,0.0,0.0
2024-06-01,SP,C,4,2731,243.36,0.0891102160380813
2024-06-01,SP,E,7,7118.58,0.0,0.0
2024-06-01,TO,E,1,1351.16,0.0,0.0
2024-05-01,CE,E,1,960.84,0.0,0.0
2024-05-01,CE,D,1,6440.78,0.0,0.0
2024-05-01,CE,A,1,2380,0.0,0.0
2024-05-01,CE,C,1,1245.3,0.0,0.0
2024-05-01,MG,C,1,2996.35,0.0,0.0
2024-05-01,PB,A,1,7420,0.0,0.0
2024-05-01,PE,A,7,122797.66,0.0,0.0
2024-05-01,PE,D,1,3521.42,0.0,0.0
2024-05-01,PE,C,7,58622.9,0.0,0.0
2024-05-01,PE,F,1,2040,0.0,0.0
2024-05-01,SP,C,2,23413.17,0.0,0.0
2024-04-01,CE,C,1,4978.49,0.0,0.0
2024-04-01,CE,A,3,39575,0.0,0.0
2024-04-01,PE,A,10,206154.15,2520.0,0.012223862580501049
2024-04-01,PE,F,1,99317.5,0.0,0.0
2024-04-01,SP,F,1,2520,0.0,0.0
2024-03-01,PE,C,1,7228.49,0.0,0.0
2024-02-01,CE,A,4,75485.8,0.0,0.0
2024-02-01,MG,F,1,63603.54,0.0,0.0
2024-02-01,PE,A,4,57894.13,0.0,0.0
2024-02-01,PE,F,1,63603.54,0.0,0.0
2024-02-01,SP,A,1,12214.9,12214.9,1.0
2024-01-01,PE,A,2,36638.16,0.0,0.0